CaseRef,Demonic_Type,Demonic_Text,RitualObject_Type
C/EGD/1026,Paction,,#N/A
C/EGD/1026,Paction,,#N/A
C/EGD/1028,Paction,,#N/A
C/EGD/1028,Paction,,#N/A
C/EGD/1029,Paction,,#N/A
C/EGD/1029,Paction,,#N/A
C/EGD/1029,Paction,,#N/A
C/EGD/103,Paction,,Wax/clay images
C/EGD/1030,Paction,,#N/A
C/EGD/1031,Paction,,#N/A
C/EGD/1032,Paction,,#N/A
C/EGD/1033,Paction,,#N/A
C/EGD/1034,Paction,,#N/A
C/EGD/1035,Anti-baptism,,#N/A
C/EGD/1036,Anti-baptism,,#N/A
C/EGD/1037,Bond/Band,,#N/A
C/EGD/1039,Devil's Mark,,#N/A
C/EGD/1039,New name,,#N/A
C/EGD/104,Bond/Band,,Cat
C/EGD/1047,Devil's Mark,,#N/A
C/EGD/1048,New name,,#N/A
C/EGD/1049,Devil's Mark,,#N/A
C/EGD/1054,Anti-baptism,,#N/A
C/EGD/1054,Servant,,#N/A
C/EGD/1054,Head and foot,,#N/A
C/EGD/1058,Servant,later denied,#N/A
C/EGD/1224,Head and foot,,Bird (dead)
C/EGD/1225,Body and soul,,Shirt
C/EGD/1226,Devil's Mark,,#N/A
C/EGD/1262,Devil's Mark,,#N/A
C/EGD/1262,Head and foot,,#N/A
C/EGD/1262,Anti-baptism,later denied this,#N/A
C/EGD/1308,Anti-baptism,,#N/A
C/EGD/1308,Servant,,#N/A
C/EGD/1308,Devil's Mark,,#N/A
C/EGD/1310,Head and foot,,#N/A
C/EGD/1310,Anti-baptism,,#N/A
C/EGD/1310,Body and soul,,#N/A
C/EGD/1310,Servant,,#N/A
C/EGD/1310,Devil's Mark,,#N/A
C/EGD/1312,Sex,lay with her,#N/A
C/EGD/1312,Anti-baptism,,#N/A
C/EGD/1312,Servant,,#N/A
C/EGD/1312,Body and soul,,#N/A
C/EGD/1322,Head and foot,,#N/A
C/EGD/1322,Devil's Mark,,#N/A
C/EGD/1323,Paction,,Water
C/EGD/1323,Servant,,Water
C/EGD/1323,Anti-baptism,,Water
C/EGD/1323,Sex,,Water
C/EGD/1323,Servant,,Water
C/EGD/1324,Devil's Mark,,#N/A
C/EGD/1324,Sex,,#N/A
C/EGD/1324,Body and soul,,#N/A
C/EGD/1324,Head and foot,,#N/A
C/EGD/1324,Servant,,#N/A
C/EGD/1326,Anti-baptism,,#N/A
C/EGD/1328,Head and foot,,#N/A
C/EGD/1329,Sex,,#N/A
C/EGD/1329,tacit pact,servant mentioned by prosecution,#N/A
C/EGD/1329,Devil's Mark,shoulder,#N/A
C/EGD/1334,Anti-baptism,,#N/A
C/EGD/1334,Servant,,#N/A
C/EGD/1334,Anti-baptism,,#N/A
C/EGD/1338,Sex,,#N/A
C/EGD/1338,Paction,,#N/A
C/EGD/1338,Paction,,#N/A
C/EGD/1367,Anti-baptism,,#N/A
C/EGD/1367,Body and soul,,#N/A
C/EGD/1367,Head and foot,,#N/A
C/EGD/1367,Devil's Mark,on neck,#N/A
C/EGD/1368,Devil's Mark,nip on left shoulder,#N/A
C/EGD/1368,Anti-baptism,,#N/A
C/EGD/1368,Sex,,#N/A
C/EGD/1368,Devil's Mark,right side of neck,#N/A
C/EGD/1372,Servant,,#N/A
C/EGD/1372,Servant,,#N/A
C/EGD/1372,Head and foot,,#N/A
C/EGD/1372,Anti-baptism,,#N/A
C/EGD/1373,Want nothing,,#N/A
C/EGD/1373,New name,Willie,#N/A
C/EGD/1373,Anti-baptism,,#N/A
C/EGD/1373,Devil's Mark,on right hand,#N/A
C/EGD/1373,Anti-baptism,,#N/A
C/EGD/1373,Body and soul,,#N/A
C/EGD/1374,Anti-baptism,,#N/A
C/EGD/1374,Paction,,#N/A
C/EGD/1374,Devil's Mark,shoulder,#N/A
C/EGD/1374,Anti-baptism,,#N/A
C/EGD/1374,Devil's Mark,,#N/A
C/EGD/1374,Devil's Mark,,#N/A
C/EGD/1375,Devil's Mark,,#N/A
C/EGD/1375,New name,Lisbie,#N/A
C/EGD/1375,Devil's Mark,,#N/A
C/EGD/1375,Devil's Mark,nip on right cheek below ear,#N/A
C/EGD/1375,Head and foot,,#N/A
C/EGD/1375,Body and soul,,#N/A
C/EGD/1379,Anti-baptism,,#N/A
C/EGD/1379,Devil's Mark,on mouth,#N/A
C/EGD/1398,Sex,with a rough (ruch) man all black,#N/A
C/EGD/1398,Sex,,#N/A
C/EGD/1398,Anti-baptism,,#N/A
C/EGD/1398,Servant,,#N/A
C/EGD/1398,New name,Margaret,#N/A
C/EGD/1398,Devil's Mark,nip under right arm,#N/A
C/EGD/1398,Paction,,#N/A
C/EGD/1474,Possession,,Flesh
C/EGD/1474,Anti-baptism,,Flesh
C/EGD/1474,Body and soul,,Flesh
C/EGD/1474,Head and foot,,Flesh
C/EGD/1474,Servant,,Flesh
C/EGD/1527,Anti-baptism,,#N/A
C/EGD/1527,Body and soul,,#N/A
C/EGD/1527,Head and foot,,#N/A
C/EGD/1527,New name,Katharine,#N/A
C/EGD/1533,Anti-baptism,,Water
C/EGD/1533,Head and foot,,Water
C/EGD/1544,Body and soul,,#N/A
C/EGD/1544,New name,Elisabeth,#N/A
C/EGD/1558,Sex,nature cold,Corpse
C/EGD/1558,Servant,,Corpse
C/EGD/1558,Servant,,Corpse
C/EGD/1558,Head and foot,,Corpse
C/EGD/1558,Body and soul,,Corpse
C/EGD/160,New name,Madge,Yarn
C/EGD/160,Servant,,Yarn
C/EGD/1605,Anti-baptism,,Stones
C/EGD/1605,Head and foot,,Stones
C/EGD/1605,Want nothing,,Stones
C/EGD/1605,Sex,cold nature,Stones
C/EGD/162,New name,Magie,Fire
C/EGD/162,Anti-baptism,,Fire
C/EGD/162,Body and soul,,Fire
C/EGD/1627,Head and foot,,#N/A
C/EGD/1627,Sex,nature cold,#N/A
C/EGD/1627,Servant,,#N/A
C/EGD/1627,Anti-baptism,,#N/A
C/EGD/1628,Head and foot,,#N/A
C/EGD/1628,Body and soul,,#N/A
C/EGD/1628,Sex,nature cold,#N/A
C/EGD/1628,Servant,,#N/A
C/EGD/166,New name,Jonet,Baton
C/EGD/166,Sex,,Baton
C/EGD/166,Tacit pact,,Baton
C/EGD/166,Servant,,Baton
C/EGD/169,Devil's Mark,,Shirt
C/EGD/1744,Servant,,Fire
C/EGD/1745,Devil's Mark,on shoulder,Wax/clay images
C/EGD/1745,Anti-baptism,,Wax/clay images
C/EGD/1746,Devil's Mark,,Pin
C/EGD/1746,Paction,,Pin
C/EGD/1746,New name,Mary Lykeas,Pin
C/EGD/1746,Anti-baptism,,Pin
C/EGD/1746,Anti-baptism,,Pin
C/EGD/1747,Anti-baptism,,Pin
C/EGD/1747,Servant,,Pin
C/EGD/1747,Anti-baptism,,Pin
C/EGD/1747,Servant,,Pin
C/EGD/1747,Anti-baptism,,Pin
C/EGD/1747,Servant,,Pin
C/EGD/1748,Body and soul,,Pin
C/EGD/1748,Paction,,Pin
C/EGD/1748,Want nothing,,Pin
C/EGD/1748,Anti-baptism,,Pin
C/EGD/1748,Devil's Mark,neck,Pin
C/EGD/1749,Sex,,Wax/clay images
C/EGD/1749,New name,Nikkie Clark,Wax/clay images
C/EGD/1756,Anti-baptism,,#N/A
C/EGD/1757,New name,Isoble Fairwedder,#N/A
C/EGD/1758,Anti-baptism,,#N/A
C/EGD/1759,New name,Jonat Archibald,#N/A
C/EGD/1770,Sex,,Tether
C/EGD/1770,Devil's Mark,,Tether
C/EGD/1770,Paction,,Tether
C/EGD/1773,Anti-baptism,,Wax/clay images
C/EGD/1773,Paction,,Wax/clay images
C/EGD/1773,Anti-baptism,,Wax/clay images
C/EGD/1774,Devil's Mark,on 3rd finger/ right hand,Hair
C/EGD/1774,Kisses Devil's bottom,,Hair
C/EGD/1777,Sex,,Wax/clay images
C/EGD/1777,Servant,,Wax/clay images
C/EGD/1778,Servant,,Bone
C/EGD/1778,Want nothing,,Bone
C/EGD/1779,Devil's Mark,left ear,Wax/clay images
C/EGD/1780,Devil's Mark,neck,Wax/clay images
C/EGD/1780,Tacit pact,,Wax/clay images
C/EGD/1781,Paction,,Wax/clay images
C/EGD/1781,Kisses Devil's bottom,,Wax/clay images
C/EGD/179,Servant,,Water
C/EGD/180,Servant,,#N/A
C/EGD/180,Devil's Mark,on back of right hand,#N/A
C/EGD/180,Want nothing,,#N/A
C/EGD/180,Servant,,#N/A
C/EGD/1813,New name,Dame,#N/A
C/EGD/1813,Sex,,#N/A
C/EGD/1813,Want nothing,,#N/A
C/EGD/1813,Devil's Mark,at wrist,#N/A
C/EGD/1813,Servant,,#N/A
C/EGD/1817,Body and soul,,#N/A
C/EGD/1817,Servant,,#N/A
C/EGD/1817,Servant,,#N/A
C/EGD/1817,Devil's Mark,on head,#N/A
C/EGD/1817,Devil's Mark,on left middle finger,#N/A
C/EGD/1818,Anti-baptism,asked to renounce god,#N/A
C/EGD/1818,Anti-baptism,,#N/A
C/EGD/1829,Devil's Mark,behind her ear,#N/A
C/EGD/1829,Sex,Cold as ice,#N/A
C/EGD/1829,Paction,Confessed covenant,#N/A
C/EGD/1830,New name,Jonet Quhyt,#N/A
C/EGD/1830,Sex,,#N/A
C/EGD/1830,Devil's Mark,,#N/A
C/EGD/1831,Anti-baptism,,#N/A
C/EGD/1831,Devil's Mark,eyebrow,#N/A
C/EGD/1831,Sex,,#N/A
C/EGD/184,Servant,,#N/A
C/EGD/1848,Want nothing,,Salt
C/EGD/1848,Anti-baptism,renounced baptism on her knees,Salt
C/EGD/1848,Want nothing,,Salt
C/EGD/1855,Devil's Mark,genitals,Water
C/EGD/1856,Sex,nature was cold,Water
C/EGD/1856,New name,Jonet,Water
C/EGD/1859,Tacit pact,,#N/A
C/EGD/1859,Head and foot,,#N/A
C/EGD/1859,Anti-baptism,,#N/A
C/EGD/1859,Servant,,#N/A
C/EGD/1859,Sex,,#N/A
C/EGD/1859,Anti-baptism,,#N/A
C/EGD/1860,Servant,,#N/A
C/EGD/1860,Sex,,#N/A
C/EGD/1862,New name,Cathrin,#N/A
C/EGD/1862,Want nothing,,#N/A
C/EGD/1862,Want nothing,,#N/A
C/EGD/1862,Anti-baptism,,#N/A
C/EGD/1866,New name,Maide,#N/A
C/EGD/1866,Devil's Mark,"nipped her, very sore",#N/A
C/EGD/1924,Servant,,#N/A
C/EGD/1924,Want nothing,said the devil offered him god,#N/A
C/EGD/1954,Devil's Mark,nipped on his chest,#N/A
C/EGD/1954,Head and foot,,#N/A
C/EGD/1954,Devil's Mark,searched for mark,#N/A
C/EGD/1954,Anti-baptism,,#N/A
C/EGD/1954,Anti-baptism,,#N/A
C/EGD/203,Paction,,#N/A
C/EGD/203,Devil's Mark,,#N/A
C/EGD/203,Devil's Mark,,#N/A
C/EGD/203,Devil's Mark,,#N/A
C/EGD/204,Devil's Mark,,#N/A
C/EGD/204,Devil's Mark,,#N/A
C/EGD/204,Paction,,#N/A
C/EGD/204,Anti-baptism,,#N/A
C/EGD/205,Paction,,#N/A
C/EGD/205,Anti-baptism,,#N/A
C/EGD/205,Devil's Mark,left shoulder,#N/A
C/EGD/205,Devil's Mark,"left back, under shoulder",#N/A
C/EGD/208,New name,Jonat,#N/A
C/EGD/21,Paction,made covenant,#N/A
C/EGD/2121,Servant,,#N/A
C/EGD/2130,Want nothing,,#N/A
C/EGD/2130,Anti-baptism,,#N/A
C/EGD/2130,New name,Caterine,#N/A
C/EGD/2141,Servant,,Water
C/EGD/2141,Devil's Mark,"leflt leg, between her shoulders, up her 'hensh'",Water
C/EGD/2141,Servant,,Water
C/EGD/2141,Want nothing,,Water
C/EGD/2141,Anti-baptism,,Water
C/EGD/2159,Want nothing,property and wealth,#N/A
C/EGD/2160,Paction,,Pottage
C/EGD/2160,Servant,,Pottage
C/EGD/2162,Anti-baptism,,Thread
C/EGD/2163,New name,Margarat,Pillows
C/EGD/2168,Paction,,#N/A
C/EGD/2168,Anti-baptism,,#N/A
C/EGD/217,Devil's Mark,,Rowan tree
C/EGD/2172,Devil's Mark,,Water
C/EGD/2172,Devil's Mark,neck,Water
C/EGD/2172,Anti-baptism,,Water
C/EGD/22,tacit pact,mediate packtione,#N/A
C/EGD/2212,Sex,,Egg
C/EGD/2220,Anti-baptism,,Sea Nut
C/EGD/2220,Body and soul,,Sea Nut
C/EGD/2260,Devil's Mark,Shoulder,Urine
C/EGD/2260,Head and foot,,Urine
C/EGD/2264,Servant,,Bannock
C/EGD/228,Sex,,#N/A
C/EGD/23,Want nothing,,#N/A
C/EGD/2327,Anti-baptism,,Bannock
C/EGD/2327,Servant,,Bannock
C/EGD/2373,Servant,,#N/A
C/EGD/2373,Want nothing,,#N/A
C/EGD/2373,Sex,,#N/A
C/EGD/2374,New name,Jonet Dalry,#N/A
C/EGD/238,Anti-baptism,,#N/A
C/EGD/2387,Head and foot,,Fire
C/EGD/2387,Servant,,Fire
C/EGD/2387,Want nothing,,Fire
C/EGD/2387,Sex,,Fire
C/EGD/2444,Anti-baptism,,#N/A
C/EGD/2444,Sex,in her shop,#N/A
C/EGD/2446,Devil's Mark,,#N/A
C/EGD/2446,Head and foot,,#N/A
C/EGD/2452,Servant,,#N/A
C/EGD/2452,Sex,nature cold,#N/A
C/EGD/2453,Anti-baptism,,Water
C/EGD/2453,Devil's Mark,Shoulder,Water
C/EGD/2613,Sex,,#N/A
C/EGD/273,Want nothing,,#N/A
C/EGD/273,Servant,,#N/A
C/EGD/273,Anti-baptism,,#N/A
C/EGD/280,Sex,accomplice's house,#N/A
C/EGD/280,Want nothing,,#N/A
C/EGD/29,Head and foot,,Thread
C/EGD/291,Sex,,#N/A
C/EGD/291,Servant,,#N/A
C/EGD/291,Anti-baptism,,#N/A
C/EGD/292,Servant,,Water
C/EGD/293,Head and foot,,#N/A
C/EGD/293,Anti-baptism,said she refused to do this,#N/A
C/EGD/294,Head and foot,,#N/A
C/EGD/294,Servant,,#N/A
C/EGD/294,Sex,her naiket bed,#N/A
C/EGD/294,Anti-baptism,,#N/A
C/EGD/294,Head and foot,,#N/A
C/EGD/294,New name,Margaret,#N/A
C/EGD/297,Servant,,#N/A
C/EGD/297,Sex,,#N/A
C/EGD/297,Anti-baptism,,#N/A
C/EGD/297,Servant,,#N/A
C/EGD/297,Anti-baptism,,#N/A
C/EGD/299,Devil's Mark,Shoulder,#N/A
C/EGD/299,New name,Marie Luckifoot,#N/A
C/EGD/299,New name,,#N/A
C/EGD/301,Sex,,#N/A
C/EGD/301,Servant,,#N/A
C/EGD/301,Devil's Mark,,#N/A
C/EGD/302,Servant,,#N/A
C/EGD/302,Body and soul,,#N/A
C/EGD/303,Servant,,#N/A
C/EGD/309,Body and soul,,#N/A
C/EGD/309,Servant,,#N/A
C/EGD/309,Body and soul,,#N/A
C/EGD/310,Servant,,#N/A
C/EGD/310,Devil's Mark,left shoulder,#N/A
C/EGD/310,Body and soul,,#N/A
C/EGD/310,Servant,,#N/A
C/EGD/310,Body and soul,,#N/A
C/EGD/311,Servant,,#N/A
C/EGD/311,Body and soul,,#N/A
C/EGD/312,Servant,,#N/A
C/EGD/312,Body and soul,,#N/A
C/EGD/313,Servant,,#N/A
C/EGD/313,Body and soul,,#N/A
C/EGD/318,Servant,,#N/A
C/EGD/319,Servant,,#N/A
C/EGD/319,Body and soul,,#N/A
C/EGD/319,Servant,,#N/A
C/EGD/319,Head and foot,,#N/A
C/EGD/319,Want nothing,,#N/A
C/EGD/323,Servant,,Herb
C/EGD/323,Head and foot,,Herb
C/EGD/324,Want nothing,,#N/A
C/EGD/324,Head and foot,,#N/A
C/EGD/335,Anti-baptism,,#N/A
C/EGD/335,Devil's Mark,,#N/A
C/EGD/335,Anti-baptism,agreed to quite Christ,#N/A
C/EGD/34,Want nothing,,Herb
C/EGD/343,Servant,,#N/A
C/EGD/343,Sex,,#N/A
C/EGD/343,New name,Speed,#N/A
C/EGD/344,Body and soul,,#N/A
C/EGD/345,Anti-baptism,,#N/A
C/EGD/345,Body and soul,,#N/A
C/EGD/345,Head and foot,,#N/A
C/EGD/346,Servant,,#N/A
C/EGD/347,Sex,,#N/A
C/EGD/347,Sex,beastly manner like a dog,#N/A
C/EGD/349,Servant,,#N/A
C/EGD/350,Servant,,#N/A
C/EGD/350,Anti-baptism,,#N/A
C/EGD/353,Anti-baptism,,#N/A
C/EGD/353,Servant,,#N/A
C/EGD/355,Sex,,#N/A
C/EGD/355,Anti-baptism,,#N/A
C/EGD/355,Servant,,#N/A
C/EGD/357,Sex,,#N/A
C/EGD/359,Want nothing,,#N/A
C/EGD/359,Devil's Mark,on left papie,#N/A
C/EGD/359,Sex,plain sex,#N/A
C/EGD/360,Anti-baptism,,#N/A
C/EGD/360,Servant,,#N/A
C/EGD/360,Want nothing,,#N/A
C/EGD/360,Head and foot,,#N/A
C/EGD/364,Sex,,#N/A
C/EGD/364,Anti-baptism,,#N/A
C/EGD/364,Sex,,#N/A
C/EGD/364,Servant,,#N/A
C/EGD/364,Head and foot,,#N/A
C/EGD/364,Devil's Mark,shoulder,#N/A
C/EGD/364,Anti-baptism,,#N/A
C/EGD/365,New name,,#N/A
C/EGD/365,New name,Lowkie shoulderis,#N/A
C/EGD/365,Anti-baptism,,#N/A
C/EGD/365,Servant,,#N/A
C/EGD/365,Anti-baptism,,#N/A
C/EGD/366,Head and foot,,#N/A
C/EGD/370,New name,Bessie,#N/A
C/EGD/370,Anti-baptism,,#N/A
C/EGD/370,Servant,,#N/A
C/EGD/370,New name,loki shorthairs,#N/A
C/EGD/370,Sex,,#N/A
C/EGD/371,Sex,,#N/A
C/EGD/371,Anti-baptism,,#N/A
C/EGD/371,Servant,,#N/A
C/EGD/371,Want nothing,,#N/A
C/EGD/371,Head and foot,,#N/A
C/EGD/371,New name,Jenni,#N/A
C/EGD/372,Devil's Mark,shoulder,#N/A
C/EGD/372,Devil's Mark,thigh,#N/A
C/EGD/372,Want nothing,,#N/A
C/EGD/372,Servant,,#N/A
C/EGD/373,Anti-baptism,,#N/A
C/EGD/373,sex,,#N/A
C/EGD/373,Devil's Mark,shoulder blade,#N/A
C/EGD/373,Sex,,#N/A
C/EGD/374,Devil's Mark,right arm,#N/A
C/EGD/374,Devil's Mark,craige (throat),#N/A
C/EGD/374,New name,Bessie the Spounger,#N/A
C/EGD/374,Anti-baptism,,#N/A
C/EGD/374,New name,Weill Dancing Jannet,#N/A
C/EGD/377,Servant,,#N/A
C/EGD/377,Sex,,#N/A
C/EGD/377,Devil's Mark,shoulder,#N/A
C/EGD/377,Sex,,#N/A
C/EGD/377,Servant,,#N/A
C/EGD/378,New name,Honey,#N/A
C/EGD/378,Anti-baptism,,#N/A
C/EGD/378,New name,heart,#N/A
C/EGD/380,Devil's Mark,shoulders,#N/A
C/EGD/380,Want nothing,,#N/A
C/EGD/380,Anti-baptism,,#N/A
C/EGD/380,Servant,,#N/A
C/EGD/380,Anti-baptism,,#N/A
C/EGD/380,New name,General,#N/A
C/EGD/380,Devil's Mark,,#N/A
C/EGD/381,Sex,,#N/A
C/EGD/381,Anti-baptism,,#N/A
C/EGD/381,Devil's Mark,,#N/A
C/EGD/381,Body and soul,,#N/A
C/EGD/381,Anti-baptism,,#N/A
C/EGD/382,Body and soul,,#N/A
C/EGD/382,Devil's Mark,,#N/A
C/EGD/382,Anti-baptism,,#N/A
C/EGD/382,Sex,,#N/A
C/EGD/382,Servant,,#N/A
C/EGD/382,Anti-baptism,,#N/A
C/EGD/382,Servant,,#N/A
C/EGD/384,Anti-baptism,,#N/A
C/EGD/384,Servant,,#N/A
C/EGD/384,Anti-baptism,,#N/A
C/EGD/384,Servant,,#N/A
C/EGD/384,Anti-baptism,,#N/A
C/EGD/385,Servant,,Knife
C/EGD/385,Anti-baptism,,Knife
C/EGD/385,Devil's Mark,,Knife
C/EGD/385,Sex,,Knife
C/EGD/386,Devil's Mark,Shoulder,#N/A
C/EGD/386,Head and foot,foot on a cloth on the floor,#N/A
C/EGD/386,Anti-baptism,this was implied by the prosecution,#N/A
C/EGD/386,Anti-baptism,,#N/A
C/EGD/386,Body and soul,,#N/A
C/EGD/387,Devil's Mark,privy place,#N/A
C/EGD/387,Head and foot,,#N/A
C/EGD/387,Paction,,#N/A
C/EGD/387,Servant,,#N/A
C/EGD/387,Sex,healed her painful Devil's mark,#N/A
C/EGD/388,Want nothing,,#N/A
C/EGD/388,Servant,,#N/A
C/EGD/388,Anti-baptism,,#N/A
C/EGD/388,Body and soul,,#N/A
C/EGD/388,Head and foot,,#N/A
C/EGD/389,Devil's Mark,privie place,#N/A
C/EGD/389,Body and soul,,#N/A
C/EGD/389,Head and foot,,#N/A
C/EGD/389,Anti-baptism,,#N/A
C/EGD/389,New name,Feyand,#N/A
C/EGD/390,Servant,,#N/A
C/EGD/390,Paction,,#N/A
C/EGD/390,Paction,,#N/A
C/EGD/390,Anti-baptism,,#N/A
C/EGD/390,Body and soul,,#N/A
C/EGD/390,Head and foot,,#N/A
C/EGD/390,Devil's Mark,privie place,#N/A
C/EGD/391,Sex,nature cold,#N/A
C/EGD/391,Devil's Mark,privie place,#N/A
C/EGD/391,Sex,,#N/A
C/EGD/391,New name,Major,#N/A
C/EGD/391,New name,could remember it,#N/A
C/EGD/392,Anti-baptism,,#N/A
C/EGD/392,Paction,,#N/A
C/EGD/392,New name,Katharine,#N/A
C/EGD/392,Anti-baptism,,#N/A
C/EGD/392,New name,Jean,#N/A
C/EGD/395,Sex,,#N/A
C/EGD/395,Sex,,#N/A
C/EGD/395,Anti-baptism,,#N/A
C/EGD/395,Head and foot,,#N/A
C/EGD/395,New name,Broad back,#N/A
C/EGD/395,Anti-baptism,,#N/A
C/EGD/396,Head and foot,,#N/A
C/EGD/396,Sex,,#N/A
C/EGD/396,Anti-baptism,,#N/A
C/EGD/396,Anti-baptism,,#N/A
C/EGD/397,Sex,,#N/A
C/EGD/397,Anti-baptism,,#N/A
C/EGD/397,Body and soul,,#N/A
C/EGD/397,Head and foot,,#N/A
C/EGD/397,Paction,,#N/A
C/EGD/398,Anti-baptism,,#N/A
C/EGD/398,Head and foot,,#N/A
C/EGD/398,Head and foot,,#N/A
C/EGD/400,Anti-baptism,,#N/A
C/EGD/400,Servant,,#N/A
C/EGD/400,Anti-baptism,,#N/A
C/EGD/400,Head and foot,,#N/A
C/EGD/400,Body and soul,,#N/A
C/EGD/400,Want nothing,,#N/A
C/EGD/401,Want nothing,,Flesh
C/EGD/401,Anti-baptism,,Flesh
C/EGD/401,Head and foot,,Flesh
C/EGD/402,Sex,,#N/A
C/EGD/402,Anti-baptism,,#N/A
C/EGD/402,Head and foot,,#N/A
C/EGD/402,Want nothing,,#N/A
C/EGD/404,Servant,,#N/A
C/EGD/404,Servant,,#N/A
C/EGD/404,Want nothing,,#N/A
C/EGD/404,Devil's Mark,Marked with a rod.,#N/A
C/EGD/404,Anti-baptism,,#N/A
C/EGD/407,Want nothing,,#N/A
C/EGD/407,Servant,,#N/A
C/EGD/408,Devil's Mark,right knee,#N/A
C/EGD/408,New name,Naip,#N/A
C/EGD/409,New name,Cane,Thread
C/EGD/409,Devil's Mark,,Thread
C/EGD/411,Anti-baptism,,#N/A
C/EGD/411,Want nothing,,#N/A
C/EGD/411,Anti-baptism,,#N/A
C/EGD/411,Head and foot,,#N/A
C/EGD/411,Servant,,#N/A
C/EGD/411,Anti-baptism,,#N/A
C/EGD/411,Head and foot,,#N/A
C/EGD/415,Sex,,#N/A
C/EGD/415,Anti-baptism,she sat down on her Knees,#N/A
C/EGD/415,Servant,,#N/A
C/EGD/415,Servant,,#N/A
C/EGD/415,Sex,,#N/A
C/EGD/434,Anti-baptism,,Flesh
C/EGD/434,Devil's Mark,back side of left arm below the elbow,Flesh
C/EGD/434,New name,Nan Clark or Nan Clatt,Flesh
C/EGD/434,Anti-baptism,,Flesh
C/EGD/434,Sex,,Flesh
C/EGD/435,Sex,,#N/A
C/EGD/435,Anti-baptism,,#N/A
C/EGD/435,Sex,he gripped her papy first,#N/A
C/EGD/435,Anti-baptism,,#N/A
C/EGD/435,Body and soul,,#N/A
C/EGD/435,Anti-baptism,,#N/A
C/EGD/435,Sex,,#N/A
C/EGD/500,Sex,,#N/A
C/EGD/521,Body and soul,,#N/A
C/EGD/521,Sex,,#N/A
C/EGD/525,Devil's Mark,,#N/A
C/EGD/576,Anti-baptism,while drinking to him,Cloth
C/EGD/576,Paction,,Cloth
C/EGD/584,Devil's Mark,,Flesh
C/EGD/584,Anti-baptism,,Flesh
C/EGD/587,Anti-baptism,,#N/A
C/EGD/587,Servant,,#N/A
C/EGD/587,Body and soul,,#N/A
C/EGD/588,Body and soul,,#N/A
C/EGD/588,Sex,he was heavy,#N/A
C/EGD/588,Devil's Mark,,#N/A
C/EGD/589,Devil's Mark,on her secret member,#N/A
C/EGD/589,Sex,nature was cold,#N/A
C/EGD/59,Anti-baptism,,Cat
C/EGD/59,Paction,,Cat
C/EGD/59,Devil's Mark,,Cat
C/EGD/592,New name,Landsladie,#N/A
C/EGD/592,Body and soul,,#N/A
C/EGD/604,Devil's Mark,,#N/A
C/EGD/604,Anti-baptism,,#N/A
C/EGD/604,Head and foot,,#N/A
C/EGD/604,Want nothing,,#N/A
C/EGD/606,New name,Jonas,#N/A
C/EGD/606,Devil's Mark,,#N/A
C/EGD/606,Sex,Devil was cold,#N/A
C/EGD/606,New name,Euoppa (?Anipper),#N/A
C/EGD/606,Head and foot,,#N/A
C/EGD/606,Want nothing,,#N/A
C/EGD/606,Body and soul,,#N/A
C/EGD/606,Anti-baptism,,#N/A
C/EGD/606,New name,Locas,#N/A
C/EGD/607,Head and foot,,#N/A
C/EGD/607,Anti-baptism,,#N/A
C/EGD/607,Devil's Mark,,#N/A
C/EGD/607,Sex,,#N/A
C/EGD/607,New name,Sophia,#N/A
C/EGD/607,Devil's Mark,,#N/A
C/EGD/607,New name,Rajeru,#N/A
C/EGD/608,Devil's Mark,left shoulder,#N/A
C/EGD/608,Body and soul,,#N/A
C/EGD/608,Devil's Mark,leg,#N/A
C/EGD/608,Anti-baptism,,#N/A
C/EGD/608,Anti-baptism,,#N/A
C/EGD/608,Devil's Mark,Back,#N/A
C/EGD/608,Anti-baptism,,#N/A
C/EGD/608,Devil's Mark,between her shoulders,#N/A
C/EGD/609,Anti-baptism,,#N/A
C/EGD/609,Devil's Mark,waist,#N/A
C/EGD/609,Anti-baptism,,#N/A
C/EGD/609,Devil's Mark,,#N/A
C/EGD/609,Body and soul,,#N/A
C/EGD/611,Anti-baptism,,#N/A
C/EGD/611,Devil's Mark,back near shoulders,#N/A
C/EGD/613,Anti-baptism,,#N/A
C/EGD/613,Devil's Mark,left shoulder,#N/A
C/EGD/613,Devil's Mark,,#N/A
C/EGD/613,Want nothing,,#N/A
C/EGD/614,Anti-baptism,,#N/A
C/EGD/614,Head and foot,,#N/A
C/EGD/616,Want nothing,,#N/A
C/EGD/616,Devil's Mark,,#N/A
C/EGD/616,Body and soul,,#N/A
C/EGD/616,Head and foot,,#N/A
C/EGD/616,Devil's Mark,back,#N/A
C/EGD/620,Devil's Mark,,#N/A
C/EGD/620,Devil's Mark,small of back,#N/A
C/EGD/620,Devil's Mark,left shoulder,#N/A
C/EGD/620,Devil's Mark,,#N/A
C/EGD/620,Devil's Mark,,#N/A
C/EGD/622,Devil's Mark,,#N/A
C/EGD/622,Devil's Mark,,#N/A
C/EGD/624,Devil's Mark,,#N/A
C/EGD/624,Anti-baptism,,#N/A
C/EGD/624,Devil's Mark,,#N/A
C/EGD/63,Devil's Mark,,Elfshot
C/EGD/63,New name,Whoore,Elfshot
C/EGD/63,Devil's Mark,shoulders,Elfshot
C/EGD/63,Head and foot,,Elfshot
C/EGD/674,Devil's Mark,Back bone,#N/A
C/EGD/687,Devil's Mark,,#N/A
C/EGD/687,Devil's Mark,,#N/A
C/EGD/691,Devil's Mark,,#N/A
C/EGD/691,New name,William,#N/A
C/EGD/691,Body and soul,,#N/A
C/EGD/691,Devil's Mark,Leg,#N/A
C/EGD/692,Sex,,#N/A
C/EGD/693,Sex,,#N/A
C/EGD/693,Sex,,#N/A
C/EGD/693,Devil's Mark,,#N/A
C/EGD/694,Head and foot,,#N/A
C/EGD/694,Want nothing,"meat, clothing or money",#N/A
C/EGD/694,Servant,,#N/A
C/EGD/694,Anti-baptism,,#N/A
C/EGD/695,Devil's Mark,right cheek,#N/A
C/EGD/695,Devil's Mark,thigh,#N/A
C/EGD/696,Sex,with the bonnie lass,#N/A
C/EGD/696,Servant,,#N/A
C/EGD/696,Want nothing,,#N/A
C/EGD/696,New name,James Scot,#N/A
C/EGD/697,Devil's Mark,on his leg,#N/A
C/EGD/697,Head and foot,,#N/A
C/EGD/697,Anti-baptism,,#N/A
C/EGD/697,Sex,with a black man,#N/A
C/EGD/702,Sex,,#N/A
C/EGD/703,Sex,,#N/A
C/EGD/703,Devil's Mark,privie member,#N/A
C/EGD/703,Anti-baptism,,#N/A
C/EGD/704,Anti-baptism,,#N/A
C/EGD/704,Head and foot,,#N/A
C/EGD/705,Sex,'heavie like a horse',#N/A
C/EGD/715,Anti-baptism,,#N/A
C/EGD/715,Head and foot,,#N/A
C/EGD/717,Sex,he was heavy and cold,#N/A
C/EGD/717,Anti-baptism,,#N/A
C/EGD/718,Head and foot,,#N/A
C/EGD/718,New name,Eppie,#N/A
C/EGD/719,Sex,,#N/A
C/EGD/719,Servant,,#N/A
C/EGD/726,Servant,,Wax/clay images
C/EGD/731,New name,Saras Drudge,#N/A
C/EGD/733,Anti-baptism,,#N/A
C/EGD/735,Head and foot,,#N/A
C/EGD/738,Sex,,#N/A
C/EGD/739,Anti-baptism,,#N/A
C/EGD/780,Head and foot,,#N/A
C/EGD/780,Servant,,#N/A
C/EGD/780,New name,Coufre,#N/A
C/EGD/780,Sex,,#N/A
C/EGD/782,Sex,cold,#N/A
C/EGD/782,Sex,Devil's nature was cold,#N/A
C/EGD/783,Head and foot,,#N/A
C/EGD/785,Devil's Mark,,Plant
C/EGD/785,Head and foot,,Plant
C/EGD/785,New name,can't remember her new name,Plant
C/EGD/785,Anti-baptism,,Plant
C/EGD/785,Body and soul,,Plant
C/EGD/786,Anti-baptism,,#N/A
C/EGD/786,Anti-baptism,,#N/A
C/EGD/791,Body and soul,,Thread
C/EGD/791,Anti-baptism,,Thread
C/EGD/791,Devil's Mark,shoulder,Thread
C/EGD/791,Body and soul,,Thread
C/EGD/792,Anti-baptism,,#N/A
C/EGD/792,Body and soul,,#N/A
C/EGD/792,Anti-baptism,,#N/A
C/EGD/792,Body and soul,,#N/A
C/EGD/817,Anti-baptism,,#N/A
C/EGD/817,Body and soul,,#N/A
C/EGD/818,Anti-baptism,,#N/A
C/EGD/818,Body and soul,,#N/A
C/EGD/819,Anti-baptism,,#N/A
C/EGD/819,Devil's Mark,between thigh and body,#N/A
C/EGD/823,Body and soul,,#N/A
C/EGD/823,Anti-baptism,,#N/A
C/EGD/824,Body and soul,,#N/A
C/EGD/824,Anti-baptism,,#N/A
C/EGD/830,Body and soul,,#N/A
C/EGD/830,Body and soul,,#N/A
C/EGD/831,Anti-baptism,,Water
C/EGD/897,Body and soul,,#N/A
C/EGD/898,Anti-baptism,,#N/A
C/EGD/899,Body and soul,,#N/A
C/EGD/900,Anti-baptism,,#N/A
C/EGD/901,Paction,,#N/A
C/EGD/922,Devil's Mark,on the viens and sinews of her leg.,#N/A
C/EGD/922,Devil's Mark,in her bellie,#N/A
C/EGD/923,Devil's Mark,,#N/A
C/EGD/923,Servant,,#N/A
C/EGD/924,Head and foot,,#N/A
C/EGD/924,Anti-baptism,,#N/A
C/EGD/925,Devil's Mark,right side of her nose under her eye,#N/A
C/EGD/925,Devil's Mark,left leg above her knee,#N/A
C/EGD/926,Servant,,#N/A
C/EGD/926,Devil's Mark,shoulder,#N/A
C/EGD/931,Sex,,#N/A
C/EGD/931,Anti-baptism,,#N/A
C/EGD/932,Servant,,#N/A
C/EGD/932,New name,Lydia,#N/A
C/EGD/933,Anti-baptism,,#N/A
C/EGD/933,Sex,,#N/A
C/EGD/934,Devil's Mark,,#N/A
C/EGD/934,Anti-baptism,,#N/A
C/EGD/959,Servant,,#N/A
C/EGD/959,Anti-baptism,,#N/A
C/EGD/960,Servant,,#N/A
C/EGD/960,Servant,,#N/A
C/EGD/961,Anti-baptism,,#N/A
C/EGD/961,Devil's Mark,back,#N/A
C/EGD/973,Servant,,#N/A
C/EGD/973,Want nothing,,#N/A
C/EGD/973,Devil's Mark,,#N/A
C/EGD/976,Devil's Mark,,#N/A
C/EGD/976,Devil's Mark,,#N/A
C/JO/2700,Servant,,#N/A
C/JO/2785,Anti-baptism,,#N/A
C/JO/2785,Servant,,#N/A
C/JO/2786,Servant,,#N/A
C/JO/2786,Devil's Mark,secret member,#N/A
C/JO/2798,Sex,when a black dog lay with her in bed,#N/A
C/JO/2798,Devil's Mark,Right shoulder,#N/A
C/JO/2798,Anti-baptism,,#N/A
C/JO/2799,Devil's Mark,,#N/A
C/JO/2799,Sex,,#N/A
C/JO/2799,Devil's Mark,,#N/A
C/JO/2810,Devil's Mark,,#N/A
C/JO/2830,Anti-baptism,,#N/A
C/JO/2830,Anti-baptism,,#N/A
C/JO/2830,Anti-baptism,,#N/A
C/JO/2832,New name,"tried to name her Jeane, she said no",#N/A
C/JO/2832,Anti-baptism,,#N/A
C/JO/2832,Sex,his body was hard and cold,#N/A
C/JO/2832,Anti-baptism,,#N/A
C/JO/2834,New name,Bessie,#N/A
C/JO/2834,Servant,,#N/A
C/JO/2834,Paction,,#N/A
C/JO/2861,Head and foot,,#N/A
C/JO/2882,Anti-baptism,,Water
C/JO/2882,New name,Jonet,Water
C/JO/2883,Anti-baptism,,#N/A
C/JO/2883,Sex,,#N/A
C/JO/2883,Anti-baptism,,#N/A
C/JO/2885,New name,Jonet,#N/A
C/JO/2894,Sex,,#N/A
C/JO/2894,Anti-baptism,,#N/A
C/JO/2895,New name,Bessie,#N/A
C/JO/2895,Devil's Mark,right hand,#N/A
C/JO/2905,Servant,,#N/A
C/JO/2905,Anti-baptism,,#N/A
C/JO/2905,Anti-baptism,,#N/A
C/JO/2905,Servant,,#N/A
C/JO/2905,Sex,,#N/A
C/JO/2936,Devil's Mark,,#N/A
C/JO/2936,New name,,#N/A
C/JO/2936,Anti-baptism,,#N/A
C/JO/2954,Sex,,#N/A
C/JO/2954,Devil's Mark,,#N/A
C/JO/2955,Devil's Mark,they found three,#N/A
C/JO/2955,Sex,,#N/A
C/JO/3033,Anti-baptism,,Water
C/JO/3033,Devil's Mark,Neck,Water
C/JO/3046,New name,Jannet Cleir Keyes,#N/A
C/JO/3059,Devil's Mark,Left Shoulder,Rowan tree
C/JO/3059,Sex,,Rowan tree
C/JO/3059,Anti-baptism,,Rowan tree
C/JO/3059,Sex,,Rowan tree
C/JO/3069,New name,Lapie,#N/A
C/JO/3069,Devil's Mark,"right shoulder, left shoulder and her heave",#N/A
C/JO/3070,Anti-baptism,,#N/A
C/JO/3071,Sex,,#N/A
C/JO/3071,Devil's Mark,under her left oxter,#N/A
C/JO/3071,Want nothing,,#N/A
C/JO/3073,Anti-baptism,,#N/A
C/JO/3074,Sex,in the middle of the floor,#N/A
C/JO/3075,Servant,,#N/A
C/JO/3076,Devil's Mark,,#N/A
C/JO/3227,Servant,,#N/A
C/JO/3227,Anti-baptism,,#N/A
C/JO/3246,Anti-baptism,,#N/A
C/JO/3246,Sex,,#N/A
C/JO/3246,New name,,#N/A
C/JO/3246,Anti-baptism,,#N/A
C/JO/3248,New name,,Herb
C/JO/3248,Sex,,Herb
C/JO/3248,Anti-baptism,,Herb
C/JO/3248,New name,,Herb
C/JO/3248,Sex,,Herb
C/LA/2638,Anti-baptism,,Caird
C/LA/2638,New name,,Caird
C/LA/2638,Sex,,Caird
C/LA/2638,Anti-baptism,,Caird
C/LA/2638,Sex,,Caird
C/LA/2638,New name,,Caird
C/LA/2689,Anti-baptism,,#N/A
C/LA/2759,Sex,,#N/A
C/LA/2770,New name,,#N/A
C/LA/2770,Anti-baptism,,#N/A
C/LA/2770,Sex,,#N/A
C/LA/2770,New name,,#N/A
C/LA/2785,Anti-baptism,,#N/A
C/LA/2785,Sex,,#N/A
C/LA/2785,New name,,#N/A
C/LA/2785,Anti-baptism,,#N/A
C/LA/2786,Sex,,#N/A
C/LA/2786,New name,,#N/A
C/LA/2786,Anti-baptism,,#N/A
C/LA/2786,Sex,,#N/A
C/LA/2798,New name,,#N/A
C/LA/2798,Anti-baptism,,#N/A
C/LA/2798,Sex,,#N/A
C/LA/2798,New name,,#N/A
C/LA/2798,Anti-baptism,,#N/A
C/LA/2798,Sex,,#N/A
C/LA/2840,New name,,#N/A
C/LA/2840,Anti-baptism,,#N/A
C/LA/2950,Sex,,#N/A
C/LA/2951,New name,,#N/A
C/LA/2951,Anti-baptism,,#N/A
C/LA/2952,Sex,,#N/A
C/LA/2952,New name,,#N/A
C/LA/2959,Anti-baptism,,Wax/clay images
C/LA/2959,Sex,,Wax/clay images
C/LA/2968,Anti-baptism,,Wax/clay images
C/LA/2968,New name,,Wax/clay images
C/LA/2968,Anti-baptism,,Wax/clay images
C/LA/2968,Sex,,Wax/clay images
C/LA/2969,New name,,#N/A
C/LA/2969,Anti-baptism,,#N/A
C/LA/2969,New name,,#N/A
C/LA/2970,Sex,,Bone
C/LA/2972,Anti-baptism,,Wax/clay images
C/LA/2973,Sex,,Bone
C/LA/2974,New name,,Hair
C/LA/2975,Anti-baptism,,Hair
C/LA/2976,Sex,,Wax/clay images
C/LA/2977,New name,,Wax/clay images
C/LA/2978,Anti-baptism,,Bone
C/LA/2979,Sex,,Wax/clay images
C/LA/2980,New name,,Wax/clay images
C/LA/3019,Sex,,#N/A
C/LA/3061,Paction,,#N/A
C/LA/3061,Paction,,#N/A
C/LA/3061,Anti-baptism,,#N/A
C/LA/3061,Anti-baptism,,#N/A
C/LA/3097,Paction,,#N/A
C/LA/3125,Head and foot,,#N/A
C/LA/3188,Anti-baptism,,#N/A
C/LA/3188,Devil's Mark,,#N/A
C/LA/3188,New name,Christian,#N/A
C/LA/3189,Sex,,#N/A
C/LA/3189,Servant,,#N/A
C/LA/3189,Anti-baptism,,#N/A
C/LA/3190,Head and foot,,#N/A
C/LA/3190,Devil's Mark,shoulder,#N/A
C/LA/3190,Sex,,#N/A
C/LA/3191,New name,Janet,#N/A
C/LA/3191,Anti-baptism,,#N/A
C/LA/3191,New name,May,#N/A
C/LA/3192,Anti-baptism,,#N/A
C/LA/3192,Servant,,#N/A
C/LA/3192,Paction,,#N/A
C/LA/3193,Anti-baptism,,#N/A
C/LA/3193,Servant,,#N/A
C/LA/3193,Sex,,#N/A
C/LA/3194,Devil's Mark,,#N/A
C/LA/3194,Anti-baptism,,#N/A
C/LA/3194,Paction,,#N/A
C/LA/3195,Servant,,#N/A
C/LA/3195,Devil's Mark,,#N/A
C/LA/3195,Sex,,#N/A
C/LA/3196,Sex,,#N/A
C/LA/3196,Devil's Mark,,#N/A
C/LA/3196,Sex,,#N/A
C/LA/3197,Paction,,#N/A
C/LA/3197,Anti-baptism,,#N/A
C/LA/3197,Sex,,#N/A
C/LA/3198,Body and soul,,#N/A
C/LA/3198,Anti-baptism,,#N/A
C/LA/3198,Servant,,#N/A
C/LA/3209,Body and soul,,#N/A
C/LA/3209,Devil's Mark,,#N/A
C/LA/3209,New name,Buntein,#N/A
C/LA/3210,Devil's Mark,,#N/A
C/LA/3210,Devil's Mark,,#N/A
C/LA/3210,,,#N/A
C/LA/3216,Sex,,#N/A
C/LA/3216,Tacit pact,,#N/A
C/LA/3216,Sex,,#N/A
C/LA/3217,Devil's Mark,Right side,#N/A
C/LA/3217,Devil's Mark,under left papie,#N/A
C/LA/3217,Want nothing,,#N/A
C/LA/3218,Bond/Band,'Bund man',#N/A
C/LA/3218,Anti-baptism,,#N/A
C/LA/3218,Devil's Mark,,#N/A
C/LA/3220,New name,Crooked Patersone,#N/A
C/LA/3220,Servant,,#N/A
C/LA/3220,Sex,,#N/A
C/LA/3236,Anti-baptism,,#N/A
C/LA/3264,Devil's Mark,,#N/A
C/LA/3264,New name,,#N/A
C/LA/3274,sex,,#N/A
C/LA/3274,Servant,,#N/A
C/LA/3276,Anti-baptism,,#N/A
C/LA/3277,Devil's Mark,,Herb
C/LA/3277,New name,Trotter,Herb
C/LA/3277,Devil's Mark,shoulder,Herb
C/LA/3277,Devil's Mark,left arm,Herb
C/LA/3277,Sex,,Herb
C/LA/3278,Servant,,Herb
C/LA/3278,Anti-baptism,,Herb
C/LA/3278,New name,Bold Leslie,Herb
C/LA/3278,Servant,,Herb
