RitualObjectRef,RitualObjectSystemId,RitualObjectID,CaseRef,RitualObject_Type,Createdby,Createdate,Lastupdatedby,Lastupdatedon,Lastupdatedby1,Lastupdatedon1
RO/JO/1,JO,1,C/JO/2632,Yarn,jhm,17/05/2001,jhm,13/11/2002,,
RO/JO/2,JO,2,C/JO/2632,Egg,jhm,17/05/2001,jhm,13/11/2002,,
RO/JO/3,JO,3,C/JO/2632,Meal,jhm,17/05/2001,jhm,13/11/2002,,
RO/JO/316,JO,316,C/EGD/2453,Water,jhm,24/10/2001,jhm,24/10/2001,,
RO/JO/317,JO,317,C/EGD/142,Elfshot,jhm,06/11/2001,jhm,28/02/2002,,
RO/JO/318,JO,318,C/EGD/45,Elfshot,jhm,06/11/2001,LEM,14/06/2002,,
RO/JO/319,JO,319,C/EGD/39,Elfshot,jhm,06/11/2001,jhm,06/11/2002,,
RO/JO/320,JO,320,C/EGD/46,Elfshot,jhm,06/11/2001,LEM,11/10/2002,,
RO/JO/323,JO,323,C/EGD/63,Elfshot,jhm,06/11/2001,LEM,07/11/2002,,
RO/JO/326,JO,326,C/EGD/385,Knife,jhm,21/11/2001,jhm,21/11/2001,,
RO/JO/327,JO,327,C/EGD/2231,Wayburn leaf,jhm,23/11/2001,jhm,23/11/2001,,
RO/JO/328,JO,328,C/EGD/2471,Axe,jhm,23/11/2001,jhm,13/11/2002,,
RO/JO/329,JO,329,C/EGD/1309,Tree,jhm,23/11/2001,jhm,23/11/2001,,
RO/JO/331,JO,331,C/EGD/29,Thread,jhm,26/11/2001,jhm,13/11/2002,,
RO/JO/338,JO,338,C/EGD/1906,Bead,jhm,04/12/2001,jhm,04/12/2001,,
RO/JO/339,JO,339,C/EGD/2269,Cloth,jhm,17/01/2002,jhm,17/01/2002,,
RO/JO/340,JO,340,C/EGD/2260,Urine,jhm,23/01/2002,jhm,23/01/2002,,
RO/JO/342,JO,342,C/EGD/2011,Fire,jhm,05/02/2002,jhm,05/02/2002,,
RO/JO/343,JO,343,C/EGD/2011,Salt,jhm,05/02/2002,jhm,05/02/2002,,
RO/JO/348,JO,348,C/EGD/2387,Fire,jhm,07/02/2002,jhm,07/02/2002,,
RO/JO/349,JO,349,C/EGD/1856,Water,jhm,07/02/2002,jhm,07/02/2002,,
RO/JO/350,JO,350,C/EGD/1855,Water,jhm,07/02/2002,jhm,07/02/2002,,
RO/JO/351,JO,351,C/EGD/1848,Salt,jhm,14/02/2002,jhm,14/02/2002,,
RO/JO/353,JO,353,C/EGD/1855,Foxtree Leaves,jhm,14/02/2002,jhm,14/02/2002,,
RO/JO/4,JO,4,C/JO/2632,Shirt,jhm,17/05/2001,jhm,13/11/2002,,
RO/JO/417,JO,417,C/EGD/1025,Salve,jhm,18/02/2002,jhm,18/02/2002,,
RO/JO/418,JO,418,C/EGD/1025,Drink,jhm,18/02/2002,jhm,18/02/2002,,
RO/JO/419,JO,419,C/EGD/1025,Herb,jhm,18/02/2002,jhm,18/02/2002,,
RO/JO/426,JO,426,C/EGD/745,Milk,jhm,07/03/2002,jhm,07/03/2002,,
RO/JO/427,JO,427,C/EGD/745,Money,jhm,07/03/2002,jhm,07/03/2002,,
RO/JO/428,JO,428,C/EGD/745,Nail trimmings,jhm,07/03/2002,jhm,07/03/2002,,
RO/JO/429,JO,429,C/EGD/745,Tree,jhm,07/03/2002,jhm,07/03/2002,,
RO/JO/431,JO,431,C/EGD/745,Cloth,jhm,07/03/2002,jhm,07/03/2002,,
RO/JO/432,JO,432,C/EGD/2153,Cloth,jhm,07/03/2002,jhm,07/03/2002,,
RO/JO/433,JO,433,C/EGD/2153,Hair,jhm,07/03/2002,jhm,13/11/2002,,
RO/JO/434,JO,434,C/EGD/2153,Nail trimmings,jhm,07/03/2002,jhm,07/03/2002,,
RO/JO/435,JO,435,C/EGD/2153,Herb,jhm,07/03/2002,jhm,07/03/2002,,
RO/JO/436,JO,436,C/EGD/2153,Paper,jhm,07/03/2002,jhm,07/03/2002,,
RO/JO/437,JO,437,C/EGD/2362,Water,jhm,27/03/2002,jhm,27/03/2002,,
RO/JO/438,JO,438,C/EGD/2362,Salt,jhm,27/03/2002,jhm,27/03/2002,,
RO/JO/439,JO,439,C/EGD/2362,Cloth,jhm,27/03/2002,jhm,27/03/2002,,
RO/JO/440,JO,440,C/EGD/785,Plant,jhm,17/04/2002,jhm,17/04/2002,,
RO/JO/441,JO,441,C/EGD/785,Salve,jhm,17/04/2002,jhm,17/04/2002,,
RO/JO/442,JO,442,C/EGD/785,Water,jhm,17/04/2002,jhm,17/04/2002,,
RO/JO/443,JO,443,C/JO/3012,Bannock,jhm,17/04/2002,jhm,17/04/2002,,
RO/JO/444,JO,444,C/JO/3012,Tobacco,jhm,17/04/2002,jhm,17/04/2002,,
RO/JO/445,JO,445,C/EGD/2119,Cloth,jhm,02/05/2002,jhm,02/05/2002,,
RO/JO/446,JO,446,C/EGD/2119,Thread,jhm,02/05/2002,jhm,13/11/2002,,
RO/JO/447,JO,447,C/EGD/2119,Herb,jhm,02/05/2002,jhm,02/05/2002,,
RO/JO/448,JO,448,C/EGD/2119,Fire,jhm,02/05/2002,jhm,02/05/2002,,
RO/JO/449,JO,449,C/EGD/2119,Water,jhm,02/05/2002,jhm,02/05/2002,,
RO/JO/45,JO,45,C/EGD/884,Salt,jhm,23/07/2001,jhm,23/07/2001,,
RO/JO/450,JO,450,C/EGD/2150,Cloth,jhm,08/05/2002,jhm,08/05/2002,,
RO/JO/451,JO,451,C/EGD/2150,Fire,jhm,08/05/2002,jhm,08/05/2002,,
RO/JO/452,JO,452,C/EGD/2150,Crook,jhm,08/05/2002,jhm,08/05/2002,,
RO/JO/453,JO,453,C/EGD/2150,Herb,jhm,08/05/2002,jhm,08/05/2002,,
RO/JO/454,JO,454,C/EGD/2172,Water,jhm,09/05/2002,jhm,09/05/2002,,
RO/JO/455,JO,455,C/EGD/2172,Bird (dead),jhm,09/05/2002,jhm,09/05/2002,,
RO/JO/456,JO,456,C/EGD/2172,Yarn,jhm,09/05/2002,jhm,09/05/2002,,
RO/JO/457,JO,457,C/EGD/2172,Salt,jhm,09/05/2002,jhm,09/05/2002,,
RO/JO/458,JO,458,C/EGD/2172,Blood (animal),jhm,09/05/2002,jhm,09/05/2002,,
RO/JO/459,JO,459,C/EGD/2172,Stones,jhm,09/05/2002,jhm,09/05/2002,,
RO/JO/46,JO,46,C/EGD/884,Shirt,jhm,23/07/2001,LEM,11/11/2002,,
RO/JO/460,JO,460,C/EGD/2172,Cat,jhm,09/05/2002,jhm,09/05/2002,,
RO/JO/461,JO,461,C/EGD/2172,Dog,jhm,09/05/2002,jhm,09/05/2002,,
RO/JO/462,JO,462,C/EGD/2172,Plough,jhm,09/05/2002,jhm,09/05/2002,,
RO/JO/463,JO,463,C/EGD/2160,Pottage,jhm,09/05/2002,LEM,19/09/2002,,
RO/JO/464,JO,464,C/EGD/2160,Stones,jhm,09/05/2002,jhm,09/05/2002,,
RO/JO/465,JO,465,C/EGD/2174,Feathers,jhm,13/05/2002,jhm,13/05/2002,,
RO/JO/466,JO,466,C/EGD/2174,Fire,jhm,13/05/2002,jhm,13/05/2002,,
RO/JO/467,JO,467,C/EGD/2174,Cockerel,jhm,13/05/2002,jhm,13/05/2002,,
RO/JO/468,JO,468,C/EGD/2174,Thread,jhm,13/05/2002,jhm,13/11/2002,,
RO/JO/469,JO,469,C/EGD/2174,Wax/clay images,jhm,13/05/2002,jhm,13/05/2002,,
RO/JO/47,JO,47,C/EGD/884,Water,jhm,23/07/2001,jhm,23/07/2001,,
RO/JO/470,JO,470,C/EGD/2173,Shoes,jhm,14/05/2002,jhm,14/05/2002,,
RO/JO/471,JO,471,C/EGD/2163,Pillows,jhm,14/05/2002,jhm,14/05/2002,,
RO/JO/472,JO,472,C/EGD/2163,Belt,jhm,14/05/2002,jhm,14/05/2002,,
RO/JO/473,JO,473,C/EGD/2163,Branch,jhm,14/05/2002,jhm,14/05/2002,,
RO/JO/474,JO,474,C/EGD/2163,Thread,jhm,14/05/2002,jhm,13/11/2002,,
RO/JO/475,JO,475,C/EGD/2163,Pot,jhm,14/05/2002,jhm,14/05/2002,,
RO/JO/477,JO,477,C/JO/3035,Stones,jhm,03/06/2002,jhm,03/06/2002,,
RO/JO/478,JO,478,C/JO/3035,Wax/clay images,jhm,03/06/2002,jhm,03/06/2002,,
RO/JO/479,JO,479,C/JO/3035,Milk,jhm,03/06/2002,jhm,03/06/2002,,
RO/JO/48,JO,48,C/JO/2843,Water,jhm,23/07/2001,jhm,23/07/2001,,
RO/JO/481,JO,481,C/EGD/2161,Thread,jhm,03/06/2002,jhm,13/11/2002,,
RO/JO/482,JO,482,C/EGD/2162,Thread,jhm,03/06/2002,jhm,13/11/2002,,
RO/JO/483,JO,483,C/EGD/2162,Beetle,jhm,03/06/2002,jhm,03/06/2002,,
RO/JO/485,JO,485,C/JO/3036,Meal,jhm,03/06/2002,jhm,03/06/2002,,
RO/JO/486,JO,486,C/JO/3036,Knife,jhm,03/06/2002,jhm,03/06/2002,,
RO/JO/487,JO,487,C/JO/3035,Earth,jhm,03/06/2002,jhm,03/06/2002,,
RO/JO/488,JO,488,C/EGD/2154,Ribbon,jhm,03/06/2002,jhm,03/06/2002,,
RO/JO/489,JO,489,C/EGD/2154,Turf,jhm,03/06/2002,jhm,03/06/2002,,
RO/JO/49,JO,49,C/JO/2843,Shirt,jhm,23/07/2001,LEM,01/11/2002,,
RO/JO/490,JO,490,C/EGD/2154,Water,jhm,03/06/2002,jhm,03/06/2002,,
RO/JO/491,JO,491,C/EGD/2154,Knife,jhm,03/06/2002,jhm,03/06/2002,,
RO/JO/492,JO,492,C/JO/3033,Water,jhm,10/06/2002,jhm,10/06/2002,,
RO/JO/493,JO,493,C/JO/3033,Stones,jhm,10/06/2002,jhm,10/06/2002,,
RO/JO/494,JO,494,C/EGD/2122,Tree,jhm,10/06/2002,jhm,10/06/2002,,
RO/JO/495,JO,495,C/EGD/2123,Water,jhm,10/06/2002,jhm,10/06/2002,,
RO/JO/496,JO,496,C/EGD/2123,Stones,jhm,10/06/2002,jhm,10/06/2002,,
RO/JO/497,JO,497,C/EGD/2141,Water,jhm,10/06/2002,jhm,10/06/2002,,
RO/JO/498,JO,498,C/EGD/2141,Tree,jhm,10/06/2002,jhm,10/06/2002,,
RO/JO/499,JO,499,C/EGD/1025,Book,jhm,11/06/2002,jhm,11/06/2002,,
RO/JO/5,JO,5,C/JO/2632,Water,jhm,17/05/2001,jhm,13/11/2002,,
RO/JO/500,JO,500,C/EGD/2312,Fire,jhm,19/06/2002,jhm,19/06/2002,,
RO/JO/501,JO,501,C/JO/3044,Water,jhm,19/06/2002,jhm,19/06/2002,,
RO/JO/502,JO,502,C/JO/3044,Straw,jhm,19/06/2002,jhm,19/06/2002,,
RO/JO/503,JO,503,C/JO/3038,Water,jhm,19/06/2002,jhm,19/06/2002,,
RO/JO/504,JO,504,C/EGD/2327,Bannock,jhm,19/06/2002,jhm,19/06/2002,,
RO/JO/52,JO,52,C/EGD/2277,Nail trimmings,jhm,30/07/2001,jhm,30/07/2001,,
RO/JO/53,JO,53,C/EGD/2277,Tree,jhm,30/07/2001,jhm,30/07/2001,,
RO/JO/537,JO,537,C/JO/3059,Rowan tree,jhm,27/06/2002,jhm,27/06/2002,,
RO/JO/538,JO,538,C/JO/3059,Hand (dead),jhm,27/06/2002,jhm,27/06/2002,,
RO/JO/539,JO,539,C/JO/3059,Fire,jhm,02/07/2002,jhm,02/07/2002,,
RO/JO/54,JO,54,C/EGD/2277,Earth,jhm,30/07/2001,jhm,30/07/2001,,
RO/JO/540,JO,540,C/JO/3078,Belt,jhm,02/07/2002,jhm,02/07/2002,,
RO/JO/541,JO,541,C/JO/3082,Water,jhm,03/07/2002,jhm,03/07/2002,,
RO/JO/542,JO,542,C/JO/3082,Butter,jhm,03/07/2002,jhm,03/07/2002,,
RO/JO/543,JO,543,C/EGD/1045,Water,jhm,03/07/2002,jhm,03/07/2002,,
RO/JO/544,JO,544,C/EGD/1045,Stones,jhm,03/07/2002,jhm,03/07/2002,,
RO/JO/545,JO,545,C/EGD/1045,Bread,jhm,03/07/2002,jhm,03/07/2002,,
RO/JO/546,JO,546,C/EGD/1045,Cheese,jhm,03/07/2002,jhm,03/07/2002,,
RO/JO/547,JO,547,C/EGD/1045,Sword,jhm,03/07/2002,jhm,03/07/2002,,
RO/JO/548,JO,548,C/EGD/1045,Fire,jhm,03/07/2002,jhm,03/07/2002,,
RO/JO/549,JO,549,C/EGD/1045,Shirt,jhm,03/07/2002,LEM,11/11/2002,,
RO/JO/55,JO,55,C/EGD/1861,Butter,jhm,31/07/2001,jhm,31/07/2001,,
RO/JO/550,JO,550,C/EGD/2262,Water,jhm,03/07/2002,jhm,03/07/2002,,
RO/JO/551,JO,551,C/EGD/2262,Clothing,jhm,03/07/2002,jhm,03/07/2002,,
RO/JO/552,JO,552,C/EGD/2262,Stones,jhm,03/07/2002,jhm,03/07/2002,,
RO/JO/553,JO,553,C/EGD/2262,Nail trimmings,jhm,03/07/2002,jhm,03/07/2002,,
RO/JO/554,JO,554,C/EGD/2262,Bannock,jhm,03/07/2002,jhm,03/07/2002,,
RO/JO/555,JO,555,C/EGD/2262,Hair,jhm,03/07/2002,jhm,13/11/2002,,
RO/JO/556,JO,556,C/JO/3085,Water,jhm,03/07/2002,jhm,03/07/2002,,
RO/JO/557,JO,557,C/EGD/292,Water,jhm,04/07/2002,jhm,04/07/2002,,
RO/JO/558,JO,558,C/EGD/292,Salt,jhm,04/07/2002,jhm,04/07/2002,,
RO/JO/559,JO,559,C/EGD/2148,Sand,jhm,09/07/2002,jhm,09/07/2002,,
RO/JO/56,JO,56,C/EGD/1861,Meal,jhm,31/07/2001,jhm,31/07/2001,,
RO/JO/560,JO,560,C/EGD/2148,Feathers,jhm,09/07/2002,jhm,09/07/2002,,
RO/JO/561,JO,561,C/EGD/2149,Bread,jhm,09/07/2002,jhm,09/07/2002,,
RO/JO/562,JO,562,C/EGD/2158,Coin,jhm,09/07/2002,jhm,09/07/2002,,
RO/JO/563,JO,563,C/EGD/2158,Paper,jhm,09/07/2002,jhm,09/07/2002,,
RO/JO/564,JO,564,C/EGD/2158,Thread,jhm,09/07/2002,jhm,13/11/2002,,
RO/JO/565,JO,565,C/EGD/2158,Cloth,jhm,09/07/2002,jhm,09/07/2002,,
RO/JO/566,JO,566,C/EGD/2158,Water,jhm,09/07/2002,jhm,09/07/2002,,
RO/JO/567,JO,567,C/EGD/2158,Bone,jhm,09/07/2002,jhm,09/07/2002,,
RO/JO/568,JO,568,C/EGD/2158,Wax,jhm,09/07/2002,jhm,13/11/2002,,
RO/JO/569,JO,569,C/JO/3096,Ring,jhm,09/07/2002,jhm,09/07/2002,,
RO/JO/57,JO,57,C/EGD/1770,Tether,jhm,16/08/2001,jhm,16/08/2001,,
RO/JO/570,JO,570,C/EGD/1746,Pin,jhm,10/07/2002,jhm,10/07/2002,,
RO/JO/571,JO,571,C/EGD/1747,Pin,jhm,10/07/2002,jhm,10/07/2002,,
RO/JO/572,JO,572,C/EGD/1748,Pin,jhm,10/07/2002,jhm,10/07/2002,,
RO/JO/573,JO,573,C/EGD/2158,Coal,jhm,11/07/2002,jhm,11/07/2002,,
RO/JO/574,JO,574,C/EGD/2157,Spindle,jhm,11/07/2002,jhm,11/07/2002,,
RO/JO/575,JO,575,C/EGD/2157,Rok(distaff),jhm,11/07/2002,jhm,11/07/2002,,
RO/JO/576,JO,576,C/JO/3107,Stones,jhm,18/07/2002,jhm,18/07/2002,,
RO/JO/578,JO,578,C/JO/3107,Water,jhm,18/07/2002,jhm,18/07/2002,,
RO/JO/579,JO,579,C/JO/3108,Thread,jhm,18/07/2002,jhm,13/11/2002,,
RO/JO/58,JO,58,C/EGD/1770,Water,jhm,16/08/2001,jhm,16/08/2001,,
RO/JO/580,JO,580,C/JO/3108,Cloth,jhm,18/07/2002,jhm,18/07/2002,,
RO/JO/581,JO,581,C/JO/3108,Coal,jhm,18/07/2002,jhm,18/07/2002,,
RO/JO/582,JO,582,C/JO/3095,Hair,jhm,18/07/2002,jhm,13/11/2002,,
RO/JO/583,JO,583,C/JO/3095,Nail trimmings,jhm,18/07/2002,jhm,18/07/2002,,
RO/JO/584,JO,584,C/JO/3093,Stones,jhm,18/07/2002,jhm,18/07/2002,,
RO/JO/585,JO,585,C/JO/3093,Water,jhm,18/07/2002,jhm,18/07/2002,,
RO/JO/586,JO,586,C/JO/3093,Shears,jhm,18/07/2002,jhm,18/07/2002,,
RO/JO/59,JO,59,C/EGD/1770,Animal dung,jhm,16/08/2001,jhm,16/08/2001,,
RO/JO/597,JO,597,C/EGD/2394,Sieve,jhm,22/07/2002,jhm,22/07/2002,,
RO/JO/598,JO,598,C/EGD/2401,Sieve,jhm,22/07/2002,jhm,22/07/2002,,
RO/JO/599,JO,599,C/EGD/1545,Sieve,jhm,22/07/2002,jhm,22/07/2002,,
RO/JO/60,JO,60,C/EGD/1749,Wax/clay images,jhm,16/08/2001,jhm,16/08/2001,,
RO/JO/600,JO,600,C/EGD/2400,Sieve,jhm,22/07/2002,jhm,22/07/2002,,
RO/JO/609,JO,609,C/EGD/831,Water,jhm,02/08/2002,jhm,02/08/2002,,
RO/JO/61,JO,61,C/EGD/1749,Fire,jhm,16/08/2001,jhm,16/08/2001,,
RO/JO/610,JO,610,C/EGD/831,Coal,jhm,02/08/2002,jhm,02/08/2002,,
RO/JO/62,JO,62,C/EGD/1747,Wax/clay images,jhm,17/08/2001,jhm,17/08/2001,,
RO/JO/63,JO,63,C/EGD/1747,Fire,jhm,17/08/2001,jhm,17/08/2001,,
RO/JO/635,JO,635,C/EGD/1533,Water,jhm,27/08/2002,jhm,27/08/2002,,
RO/JO/636,JO,636,C/EGD/1533,Cloth,jhm,27/08/2002,jhm,27/08/2002,,
RO/JO/637,JO,637,C/EGD/1533,Herb,jhm,27/08/2002,jhm,27/08/2002,,
RO/JO/638,JO,638,C/JO/3248,Herb,jhm,28/08/2002,jhm,28/08/2002,,
RO/JO/639,JO,639,C/JO/3248,Butter,jhm,28/08/2002,jhm,28/08/2002,,
RO/JO/64,JO,64,C/EGD/1748,Wax/clay images,jhm,17/08/2001,jhm,17/08/2001,,
RO/JO/640,JO,640,C/JO/3248,Curch,jhm,28/08/2002,jhm,28/08/2002,,
RO/JO/641,JO,641,C/EGD/1888,Salt,jhm,04/09/2002,jhm,04/09/2002,,
RO/JO/642,JO,642,C/EGD/1888,Wheat,jhm,04/09/2002,jhm,04/09/2002,,
RO/JO/643,JO,643,C/EGD/1889,Salt,jhm,04/09/2002,jhm,04/09/2002,,
RO/JO/644,JO,644,C/EGD/1889,Wheat,jhm,04/09/2002,jhm,04/09/2002,,
RO/JO/646,JO,646,C/EGD/1241,Stones,jhm,03/10/2002,jhm,03/10/2002,,
RO/JO/648,JO,648,C/EGD/1323,Water,jhm,03/10/2002,jhm,03/10/2002,,
RO/JO/649,JO,649,C/EGD/1339,Clay,jhm,03/10/2002,jhm,13/11/2002,,
RO/JO/65,JO,65,C/EGD/1748,Fire,jhm,17/08/2001,jhm,17/08/2001,,
RO/JO/650,JO,650,C/EGD/136,Wood,jhm,03/10/2002,jhm,03/10/2002,,
RO/JO/651,JO,651,C/EGD/136,Butter,jhm,03/10/2002,jhm,03/10/2002,,
RO/JO/654,JO,654,C/EGD/148,Drink,jhm,08/10/2002,jhm,08/10/2002,,
RO/JO/657,JO,657,C/EGD/1770,Egg,jhm,22/10/2002,jhm,22/10/2002,,
RO/JO/658,JO,658,C/EGD/1770,Onion,jhm,22/10/2002,jhm,22/10/2002,,
RO/JO/659,JO,659,C/EGD/1770,Salt,jhm,22/10/2002,jhm,22/10/2002,,
RO/JO/66,JO,66,C/EGD/1746,Wax/clay images,jhm,17/08/2001,jhm,17/08/2001,,
RO/JO/660,JO,660,C/EGD/1774,Hair,jhm,22/10/2002,jhm,13/11/2002,,
RO/JO/661,JO,661,C/EGD/1774,Bone,jhm,22/10/2002,jhm,22/10/2002,,
RO/JO/662,JO,662,C/EGD/1778,Bone,jhm,22/10/2002,jhm,22/10/2002,,
RO/JO/663,JO,663,C/EGD/1848,Grass,jhm,22/10/2002,jhm,22/10/2002,,
RO/JO/664,JO,664,C/EGD/213,Water,jhm,24/10/2002,jhm,24/10/2002,,
RO/JO/665,JO,665,C/EGD/2158,Bridle/collar,jhm,24/10/2002,jhm,24/10/2002,,
RO/JO/666,JO,666,C/EGD/2208,Water,jhm,24/10/2002,jhm,24/10/2002,,
RO/JO/667,JO,667,C/EGD/2208,Knife,jhm,24/10/2002,jhm,24/10/2002,,
RO/JO/668,JO,668,C/EGD/2219,Bone,jhm,24/10/2002,jhm,24/10/2002,,
RO/JO/669,JO,669,C/EGD/2245,Fire,jhm,24/10/2002,jhm,24/10/2002,,
RO/JO/67,JO,67,C/EGD/1746,Fire,jhm,17/08/2001,jhm,17/08/2001,,
RO/JO/670,JO,670,C/EGD/230,Shears,jhm,25/10/2002,jhm,25/10/2002,,
RO/JO/671,JO,671,C/EGD/2425,Fire,jhm,29/10/2002,jhm,29/10/2002,,
RO/JO/672,JO,672,C/EGD/2426,Fire,jhm,29/10/2002,jhm,29/10/2002,,
RO/JO/673,JO,673,C/EGD/2426,Cloth,jhm,29/10/2002,jhm,29/10/2002,,
RO/JO/674,JO,674,C/EGD/2427,Fire,jhm,29/10/2002,jhm,29/10/2002,,
RO/JO/675,JO,675,C/EGD/2427,Cloth,jhm,29/10/2002,jhm,29/10/2002,,
RO/JO/676,JO,676,C/EGD/2425,Cloth,jhm,29/10/2002,jhm,29/10/2002,,
RO/JO/677,JO,677,C/EGD/2453,Belt,jhm,29/10/2002,jhm,29/10/2002,,
RO/JO/678,JO,678,C/EGD/2453,Wheat,jhm,29/10/2002,jhm,29/10/2002,,
RO/JO/679,JO,679,C/EGD/2453,Coin,jhm,29/10/2002,jhm,29/10/2002,,
RO/JO/68,JO,68,C/EGD/1745,Wax/clay images,jhm,17/08/2001,jhm,17/08/2001,,
RO/JO/680,JO,680,C/EGD/33,Sieve,jhm,04/11/2002,jhm,04/11/2002,,
RO/JO/681,JO,681,C/EGD/401,Flesh,jhm,06/11/2002,jhm,06/11/2002,,
RO/JO/682,JO,682,C/EGD/434,Flesh,jhm,06/11/2002,jhm,06/11/2002,,
RO/JO/69,JO,69,C/EGD/1745,Fire,jhm,17/08/2001,jhm,17/08/2001,,
RO/JO/70,JO,70,C/JO/2881,Hen,jhm,06/09/2001,jhm,06/09/2001,,
RO/JO/71,JO,71,C/JO/2881,Feathers,jhm,06/09/2001,jhm,06/09/2001,,
RO/JO/72,JO,72,C/JO/2881,Blood (animal),jhm,06/09/2001,jhm,06/09/2001,,
RO/JO/73,JO,73,C/JO/2882,Water,jhm,07/09/2001,jhm,07/09/2001,,
RO/JO/87,JO,87,C/EGD/2410,Belt,jhm,03/10/2001,jhm,03/10/2001,,
RO/LA/1,LA,1,C/EGD/160,Yarn,LEM,17/05/2001,LEM,17/05/2001,,
RO/LA/10,LA,10,C/EGD/166,Baton,LEM,21/05/2001,LEM,21/05/2001,,
RO/LA/101,LA,101,C/EGD/141,Flesh,LEM,01/10/2001,LEM,01/10/2001,,
RO/LA/102,LA,102,C/EGD/142,Herb,LEM,01/10/2001,LEM,01/10/2001,,
RO/LA/103,LA,103,C/EGD/142,Salt,LEM,01/10/2001,LEM,01/10/2001,,
RO/LA/104,LA,104,C/EGD/142,Branch,LEM,01/10/2001,LEM,01/10/2001,,
RO/LA/105,LA,105,C/EGD/142,Water,LEM,01/10/2001,LEM,01/10/2001,,
RO/LA/106,LA,106,C/EGD/142,Shirt,LEM,01/10/2001,LEM,01/10/2001,,
RO/LA/107,LA,107,C/EGD/935,Water,LEM,01/10/2001,LEM,01/10/2001,,
RO/LA/108,LA,108,C/EGD/935,Shirt,LEM,01/10/2001,LEM,01/10/2001,,
RO/LA/109,LA,109,C/EGD/935,Bannock,LEM,01/10/2001,LEM,01/10/2001,,
RO/LA/11,LA,11,C/EGD/166,Thread,LEM,21/05/2001,LEM,21/05/2001,,
RO/LA/110,LA,110,C/EGD/147,Pot,LEM,01/10/2001,LEM,01/10/2001,,
RO/LA/114,LA,114,C/EGD/137,Water,LEM,03/10/2001,LEM,03/10/2001,,
RO/LA/115,LA,115,C/EGD/137,Flesh,LEM,03/10/2001,LEM,03/10/2001,,
RO/LA/116,LA,116,C/EGD/137,Wax/clay images,LEM,03/10/2001,LEM,03/10/2001,,
RO/LA/12,LA,12,C/EGD/166,Corn,LEM,21/05/2001,LEM,21/05/2001,,
RO/LA/121,LA,121,C/EGD/132,Thread,LEM,03/10/2001,jhm,13/11/2002,,
RO/LA/122,LA,122,C/EGD/132,Hair,LEM,03/10/2001,jhm,13/11/2002,,
RO/LA/123,LA,123,C/EGD/132,Nail trimmings,LEM,03/10/2001,LEM,03/10/2001,,
RO/LA/124,LA,124,C/EGD/133,Plant,LEM,03/10/2001,jhm,13/11/2002,,
RO/LA/125,LA,125,C/EGD/133,Herb,LEM,03/10/2001,LEM,03/10/2001,,
RO/LA/126,LA,126,C/EGD/133,Shirt,LEM,03/10/2001,LEM,03/10/2001,,
RO/LA/127,LA,127,C/EGD/133,Blood (animal),LEM,03/10/2001,LEM,03/10/2001,,
RO/LA/128,LA,128,C/EGD/133,Bannock,LEM,03/10/2001,LEM,03/10/2001,,
RO/LA/129,LA,129,C/EGD/131,Shirt,LEM,03/10/2001,LEM,03/10/2001,,
RO/LA/13,LA,13,C/EGD/169,Shirt,LEM,21/05/2001,LEM,21/05/2001,,
RO/LA/130,LA,130,C/EGD/131,Water,LEM,03/10/2001,LEM,03/10/2001,,
RO/LA/131,LA,131,C/EGD/131,Iron (hot),LEM,03/10/2001,LEM,03/10/2001,,
RO/LA/132,LA,132,C/EGD/131,Branch,LEM,03/10/2001,LEM,03/10/2001,,
RO/LA/134,LA,134,C/EGD/132,Herb,LEM,03/10/2001,LEM,03/10/2001,,
RO/LA/135,LA,135,C/EGD/133,Metal,LEM,03/10/2001,LEM,03/10/2001,,
RO/LA/136,LA,136,C/EGD/136,Plant,LEM,03/10/2001,jhm,13/11/2002,,
RO/LA/137,LA,137,C/EGD/136,Salt,LEM,03/10/2001,LEM,03/10/2001,,
RO/LA/138,LA,138,C/EGD/136,Water,LEM,03/10/2001,LEM,03/10/2001,,
RO/LA/139,LA,139,C/EGD/136,Cat,LEM,03/10/2001,LEM,03/10/2001,,
RO/LA/14,LA,14,C/EGD/169,Water,LEM,21/05/2001,LEM,21/05/2001,,
RO/LA/140,LA,140,C/EGD/39,Wax/clay images,LEM,08/10/2001,LEM,08/10/2001,,
RO/LA/141,LA,141,C/EGD/45,Wax/clay images,LEM,08/10/2001,LEM,08/10/2001,,
RO/LA/142,LA,142,C/EGD/46,Wax/clay images,LEM,08/10/2001,LEM,08/10/2001,,
RO/LA/144,LA,144,C/EGD/40,Hair,LEM,08/10/2001,jhm,13/11/2002,,
RO/LA/145,LA,145,C/EGD/40,Nail trimmings,LEM,08/10/2001,LEM,08/10/2001,,
RO/LA/15,LA,15,C/EGD/169,Bird (dead),LEM,21/05/2001,LEM,21/05/2001,,
RO/LA/152,LA,152,C/EGD/41,Water,LEM,08/10/2001,LEM,08/10/2001,,
RO/LA/153,LA,153,C/EGD/59,Cat,LEM,09/10/2001,LEM,09/10/2001,,
RO/LA/154,LA,154,C/EGD/59,Corpse,LEM,09/10/2001,LEM,09/10/2001,,
RO/LA/155,LA,155,C/EGD/59,Mole's feet,LEM,09/10/2001,LEM,09/10/2001,,
RO/LA/158,LA,158,C/EGD/63,Shirt,LEM,09/10/2001,LEM,09/10/2001,,
RO/LA/159,LA,159,C/EGD/63,Cat,LEM,09/10/2001,LEM,09/10/2001,,
RO/LA/16,LA,16,C/EGD/169,Hand (dead),LEM,21/05/2001,LEM,21/05/2001,,
RO/LA/160,LA,160,C/EGD/63,Corpse,LEM,09/10/2001,LEM,09/10/2001,,
RO/LA/161,LA,161,C/EGD/63,Wax/clay images,LEM,09/10/2001,LEM,09/10/2001,,
RO/LA/162,LA,162,C/EGD/63,Corpse powder,LEM,09/10/2001,LEM,09/10/2001,,
RO/LA/163,LA,163,C/EGD/63,Salt,LEM,09/10/2001,LEM,09/10/2001,,
RO/LA/164,LA,164,C/EGD/63,Thread,LEM,09/10/2001,jhm,13/11/2002,,
RO/LA/165,LA,165,C/EGD/63,Glass,LEM,09/10/2001,LEM,09/10/2001,,
RO/LA/17,LA,17,C/EGD/170,Water,LEM,21/05/2001,LEM,21/05/2001,,
RO/LA/18,LA,18,C/EGD/170,Salt,LEM,21/05/2001,LEM,21/05/2001,,
RO/LA/19,LA,19,C/EGD/172,Jewel,LEM,21/05/2001,LEM,21/05/2001,,
RO/LA/2,LA,2,C/EGD/160,Cat,LEM,17/05/2001,LEM,17/05/2001,,
RO/LA/20,LA,20,C/EGD/179,Water,LEM,21/05/2001,LEM,21/05/2001,,
RO/LA/21,LA,21,C/EGD/179,Stones,LEM,21/05/2001,LEM,21/05/2001,,
RO/LA/22,LA,22,C/EGD/179,Branch,LEM,21/05/2001,LEM,21/05/2001,,
RO/LA/23,LA,23,C/EGD/179,Elfshot,LEM,21/05/2001,jhm,28/02/2002,,
RO/LA/236,LA,236,C/EGD/120,Glass,LEM,10/10/2001,LEM,10/10/2001,,
RO/LA/237,LA,237,C/EGD/120,Thread,LEM,10/10/2001,jhm,13/11/2002,,
RO/LA/238,LA,238,C/EGD/120,Salt,LEM,10/10/2001,LEM,10/10/2001,,
RO/LA/239,LA,239,C/EGD/120,Corpse,LEM,10/10/2001,LEM,10/10/2001,,
RO/LA/24,LA,24,C/EGD/179,Wort,LEM,21/05/2001,LEM,21/05/2001,,
RO/LA/240,LA,240,C/EGD/110,Cat,LEM,10/10/2001,LEM,10/10/2001,,
RO/LA/241,LA,241,C/EGD/110,Corpse,LEM,10/10/2001,LEM,10/10/2001,,
RO/LA/242,LA,242,C/EGD/110,Corpse powder,LEM,10/10/2001,LEM,10/10/2001,,
RO/LA/25,LA,25,C/EGD/179,Watercress,LEM,21/05/2001,LEM,21/05/2001,,
RO/LA/26,LA,26,C/EGD/179,Bannock,LEM,21/05/2001,LEM,21/05/2001,,
RO/LA/267,LA,267,C/EGD/103,Wax/clay images,LEM,10/10/2001,LEM,10/10/2001,,
RO/LA/268,LA,268,C/EGD/103,Toad,LEM,10/10/2001,LEM,10/10/2001,,
RO/LA/269,LA,269,C/EGD/103,Urine (stale),LEM,10/10/2001,LEM,10/10/2001,,
RO/LA/27,LA,27,C/EGD/179,Corpse,LEM,21/05/2001,LEM,21/05/2001,,
RO/LA/270,LA,270,C/EGD/103,Snake skin,LEM,10/10/2001,LEM,10/10/2001,,
RO/LA/271,LA,271,C/EGD/107,Wax/clay images,LEM,10/10/2001,LEM,10/10/2001,,
RO/LA/272,LA,272,C/EGD/107,Toad,LEM,10/10/2001,LEM,10/10/2001,,
RO/LA/273,LA,273,C/EGD/107,Snake skin,LEM,10/10/2001,LEM,10/10/2001,,
RO/LA/274,LA,274,C/EGD/107,Urine (stale),LEM,10/10/2001,LEM,10/10/2001,,
RO/LA/279,LA,279,C/EGD/110,Wax/clay images,LEM,10/10/2001,LEM,10/10/2001,,
RO/LA/280,LA,280,C/EGD/110,Snake skin,LEM,10/10/2001,LEM,10/10/2001,,
RO/LA/281,LA,281,C/EGD/110,Urine (stale),LEM,10/10/2001,LEM,10/10/2001,,
RO/LA/282,LA,282,C/EGD/110,Toad,LEM,10/10/2001,LEM,10/10/2001,,
RO/LA/283,LA,283,C/EGD/108,Wax/clay images,LEM,10/10/2001,LEM,10/10/2001,,
RO/LA/284,LA,284,C/EGD/108,Snake skin,LEM,10/10/2001,LEM,10/10/2001,,
RO/LA/285,LA,285,C/EGD/108,Toad,LEM,10/10/2001,LEM,10/10/2001,,
RO/LA/286,LA,286,C/EGD/108,Urine (stale),LEM,10/10/2001,LEM,10/10/2001,,
RO/LA/287,LA,287,C/EGD/104,Cat,LEM,16/10/2001,LEM,16/10/2001,,
RO/LA/288,LA,288,C/EGD/104,Wax/clay images,LEM,16/10/2001,LEM,16/10/2001,,
RO/LA/289,LA,289,C/EGD/104,Bowl,LEM,16/10/2001,LEM,16/10/2001,,
RO/LA/290,LA,290,C/EGD/104,Grave earth,LEM,16/10/2001,LEM,16/10/2001,,
RO/LA/291,LA,291,C/EGD/104,Corpse powder,LEM,16/10/2001,LEM,16/10/2001,,
RO/LA/292,LA,292,C/EGD/104,Stones,LEM,16/10/2001,LEM,16/10/2001,,
RO/LA/293,LA,293,C/EGD/104,Blood (animal),LEM,16/10/2001,LEM,16/10/2001,,
RO/LA/297,LA,297,C/EGD/1258,Thread,LEM,16/10/2001,jhm,13/11/2002,,
RO/LA/298,LA,298,C/EGD/1258,Water,LEM,16/10/2001,LEM,16/10/2001,,
RO/LA/299,LA,299,C/EGD/1258,Coal,LEM,16/10/2001,LEM,16/10/2001,,
RO/LA/3,LA,3,C/EGD/160,Salt,LEM,17/05/2001,LEM,17/05/2001,,
RO/LA/300,LA,300,C/EGD/1258,Belt,LEM,16/10/2001,LEM,16/10/2001,,
RO/LA/301,LA,301,C/EGD/1258,Hair,LEM,16/10/2001,jhm,13/11/2002,,
RO/LA/302,LA,302,C/EGD/1258,Potions,LEM,16/10/2001,LEM,16/10/2001,,
RO/LA/303,LA,303,C/EGD/1268,Water,LEM,16/10/2001,LEM,16/10/2001,,
RO/LA/304,LA,304,C/EGD/1268,Cat,LEM,16/10/2001,LEM,16/10/2001,,
RO/LA/305,LA,305,C/EGD/1268,Salt water,LEM,16/10/2001,LEM,16/10/2001,,
RO/LA/306,LA,306,C/EGD/1268,Salt,LEM,16/10/2001,LEM,16/10/2001,,
RO/LA/307,LA,307,C/EGD/1268,Spit,LEM,16/10/2001,LEM,16/10/2001,,
RO/LA/308,LA,308,C/EGD/1269,Silver,LEM,16/10/2001,LEM,16/10/2001,,
RO/LA/309,LA,309,C/EGD/29,Herb,LEM,18/10/2001,LEM,18/10/2001,,
RO/LA/311,LA,311,C/EGD/1278,Stones,LEM,18/10/2001,LEM,18/10/2001,,
RO/LA/312,LA,312,C/EGD/1278,Water,LEM,18/10/2001,LEM,18/10/2001,,
RO/LA/313,LA,313,C/EGD/1278,Herb,LEM,18/10/2001,LEM,18/10/2001,,
RO/LA/314,LA,314,C/EGD/1278,Cloth,LEM,18/10/2001,LEM,18/10/2001,,
RO/LA/315,LA,315,C/EGD/1339,Sieve,LEM,19/10/2001,LEM,19/10/2001,,
RO/LA/316,LA,316,C/EGD/1284,Stones,LEM,23/10/2001,LEM,23/10/2001,,
RO/LA/317,LA,317,C/EGD/1284,Sieve,LEM,23/10/2001,LEM,23/10/2001,,
RO/LA/318,LA,318,C/EGD/1284,Iron (hot),LEM,23/10/2001,LEM,23/10/2001,,
RO/LA/319,LA,319,C/EGD/1284,Water,LEM,23/10/2001,LEM,23/10/2001,,
RO/LA/32,LA,32,C/EGD/103,Cat,LEM,28/05/2001,LEM,28/05/2001,,
RO/LA/320,LA,320,C/EGD/1364,Lead,LEM,23/10/2001,jhm,13/11/2002,,
RO/LA/321,LA,321,C/EGD/1364,Thread,LEM,23/10/2001,jhm,13/11/2002,,
RO/LA/322,LA,322,C/EGD/882,Shirt,LEM,23/10/2001,LEM,23/10/2001,,
RO/LA/323,LA,323,C/EGD/963,Ale,LEM,23/10/2001,LEM,14/11/2002,,
RO/LA/324,LA,324,C/EGD/963,Bannock,LEM,23/10/2001,LEM,23/10/2001,,
RO/LA/325,LA,325,C/EGD/964,Bannock,LEM,23/10/2001,LEM,23/10/2001,,
RO/LA/326,LA,326,C/LA/2911,Wax/clay images,LEM,21/11/2001,LEM,21/11/2001,,
RO/LA/327,LA,327,C/LA/2911,Toad,LEM,21/11/2001,LEM,21/11/2001,,
RO/LA/328,LA,328,C/EGD/317,Pin,LEM,29/11/2001,LEM,29/11/2001,,
RO/LA/329,LA,329,C/EGD/317,Flesh,LEM,29/11/2001,LEM,29/11/2001,,
RO/LA/33,LA,33,C/EGD/157,Water,LEM,12/06/2001,LEM,12/06/2001,,
RO/LA/330,LA,330,C/EGD/317,Shirt,LEM,29/11/2001,LEM,29/11/2001,,
RO/LA/331,LA,331,C/EGD/317,Foxtree Leaves,LEM,29/11/2001,LEM,29/11/2001,,
RO/LA/332,LA,332,C/EGD/790,Bannock,LEM,30/11/2001,LEM,30/11/2001,,
RO/LA/333,LA,333,C/EGD/584,Flesh,LEM,03/12/2001,LEM,03/12/2001,,
RO/LA/334,LA,334,C/EGD/584,Powder,LEM,03/12/2001,LEM,03/12/2001,,
RO/LA/335,LA,335,C/EGD/1727,Flesh,LEM,03/12/2001,LEM,03/12/2001,,
RO/LA/339,LA,339,C/EGD/1744,Fire,LEM,16/01/2002,LEM,16/01/2002,,
RO/LA/340,LA,340,C/EGD/1744,Wax/clay images,LEM,16/01/2002,LEM,16/01/2002,,
RO/LA/341,LA,341,C/EGD/1773,Wax/clay images,LEM,30/01/2002,LEM,30/01/2002,,
RO/LA/342,LA,342,C/EGD/1778,Hair,LEM,31/01/2002,jhm,13/11/2002,,
RO/LA/343,LA,343,C/EGD/1778,Blood (animal),LEM,31/01/2002,LEM,31/01/2002,,
RO/LA/344,LA,344,C/EGD/1778,Wax/clay images,LEM,31/01/2002,LEM,31/01/2002,,
RO/LA/345,LA,345,C/EGD/1774,Stones,LEM,31/01/2002,LEM,31/01/2002,,
RO/LA/346,LA,346,C/EGD/1774,Blood (animal),LEM,31/01/2002,LEM,31/01/2002,,
RO/LA/347,LA,347,C/EGD/1774,Wax/clay images,LEM,31/01/2002,LEM,31/01/2002,,
RO/LA/348,LA,348,C/EGD/1773,Bone,LEM,31/01/2002,LEM,31/01/2002,,
RO/LA/349,LA,349,C/EGD/1773,Blood (animal),LEM,31/01/2002,LEM,31/01/2002,,
RO/LA/35,LA,35,C/EGD/157,Yarn,LEM,12/06/2001,LEM,12/06/2001,,
RO/LA/350,LA,350,C/EGD/1773,Hair,LEM,31/01/2002,jhm,13/11/2002,,
RO/LA/351,LA,351,C/LA/2959,Wax/clay images,LEM,31/01/2002,LEM,31/01/2002,,
RO/LA/352,LA,352,C/LA/2959,Bone,LEM,31/01/2002,LEM,31/01/2002,,
RO/LA/353,LA,353,C/LA/2959,Hair,LEM,31/01/2002,jhm,13/11/2002,,
RO/LA/354,LA,354,C/LA/2959,Blood (animal),LEM,31/01/2002,LEM,31/01/2002,,
RO/LA/355,LA,355,C/EGD/1781,Wax/clay images,LEM,31/01/2002,LEM,31/01/2002,,
RO/LA/356,LA,356,C/EGD/1781,Bone,LEM,31/01/2002,jhm,13/11/2002,,
RO/LA/357,LA,357,C/EGD/1781,Hair,LEM,31/01/2002,jhm,13/11/2002,,
RO/LA/358,LA,358,C/EGD/1781,Blood (animal),LEM,31/01/2002,LEM,31/01/2002,,
RO/LA/359,LA,359,C/EGD/1780,Wax/clay images,LEM,31/01/2002,LEM,31/01/2002,,
RO/LA/36,LA,36,C/EGD/157,Fire,LEM,12/06/2001,LEM,12/06/2001,,
RO/LA/360,LA,360,C/EGD/1780,Blood (animal),LEM,31/01/2002,LEM,31/01/2002,,
RO/LA/361,LA,361,C/EGD/1780,Hair,LEM,31/01/2002,jhm,13/11/2002,,
RO/LA/362,LA,362,C/EGD/1780,Bone,LEM,31/01/2002,jhm,22/10/2002,,
RO/LA/363,LA,363,C/EGD/1777,Wax/clay images,LEM,31/01/2002,LEM,31/01/2002,,
RO/LA/364,LA,364,C/EGD/1777,Blood (animal),LEM,31/01/2002,LEM,31/01/2002,,
RO/LA/365,LA,365,C/EGD/1777,Bone,LEM,31/01/2002,jhm,22/10/2002,,
RO/LA/366,LA,366,C/EGD/1777,Hair,LEM,31/01/2002,jhm,13/11/2002,,
RO/LA/368,LA,368,C/LA/2968,Wax/clay images,LEM,31/01/2002,LEM,31/01/2002,,
RO/LA/369,LA,369,C/LA/2970,Bone,LEM,31/01/2002,jhm,13/11/2002,,
RO/LA/37,LA,37,C/EGD/173,Horseshoe,LEM,15/06/2001,LEM,15/06/2001,,
RO/LA/370,LA,370,C/LA/2970,Hair,LEM,31/01/2002,jhm,13/11/2002,,
RO/LA/371,LA,371,C/LA/2970,Blood (animal),LEM,31/01/2002,LEM,31/01/2002,,
RO/LA/372,LA,372,C/LA/2970,Wax/clay images,LEM,31/01/2002,LEM,31/01/2002,,
RO/LA/373,LA,373,C/LA/2972,Wax/clay images,LEM,31/01/2002,LEM,31/01/2002,,
RO/LA/374,LA,374,C/LA/2972,Bone,LEM,31/01/2002,jhm,13/11/2002,,
RO/LA/375,LA,375,C/LA/2972,Hair,LEM,31/01/2002,jhm,13/11/2002,,
RO/LA/376,LA,376,C/LA/2972,Blood (animal),LEM,31/01/2002,LEM,31/01/2002,,
RO/LA/377,LA,377,C/EGD/1779,Wax/clay images,LEM,31/01/2002,LEM,31/01/2002,,
RO/LA/378,LA,378,C/EGD/1779,Blood (animal),LEM,31/01/2002,LEM,31/01/2002,,
RO/LA/379,LA,379,C/EGD/1779,Bone,LEM,31/01/2002,jhm,13/11/2002,,
RO/LA/38,LA,38,C/EGD/1605,Stones,LEM,19/06/2001,LEM,19/06/2001,,
RO/LA/380,LA,380,C/EGD/1779,Hair,LEM,31/01/2002,jhm,13/11/2002,,
RO/LA/381,LA,381,C/LA/2973,Bone,LEM,31/01/2002,jhm,13/11/2002,,
RO/LA/382,LA,382,C/LA/2973,Hair,LEM,31/01/2002,jhm,13/11/2002,,
RO/LA/383,LA,383,C/LA/2973,Blood (animal),LEM,31/01/2002,LEM,31/01/2002,,
RO/LA/384,LA,384,C/LA/2973,Wax/clay images,LEM,31/01/2002,LEM,31/01/2002,,
RO/LA/385,LA,385,C/LA/2974,Hair,LEM,31/01/2002,jhm,13/11/2002,,
RO/LA/386,LA,386,C/LA/2974,Bone,LEM,31/01/2002,jhm,13/11/2002,,
RO/LA/387,LA,387,C/LA/2974,Blood (animal),LEM,31/01/2002,LEM,31/01/2002,,
RO/LA/388,LA,388,C/LA/2974,Wax/clay images,LEM,31/01/2002,LEM,31/01/2002,,
RO/LA/389,LA,389,C/LA/2975,Hair,LEM,01/02/2002,jhm,13/11/2002,,
RO/LA/39,LA,39,C/EGD/409,Thread,LEM,05/07/2001,jhm,13/11/2002,,
RO/LA/390,LA,390,C/LA/2975,Bone,LEM,01/02/2002,LEM,01/02/2002,,
RO/LA/391,LA,391,C/LA/2975,Blood (animal),LEM,01/02/2002,LEM,01/02/2002,,
RO/LA/392,LA,392,C/LA/2975,Wax/clay images,LEM,01/02/2002,LEM,01/02/2002,,
RO/LA/393,LA,393,C/LA/2976,Wax/clay images,LEM,01/02/2002,LEM,01/02/2002,,
RO/LA/394,LA,394,C/LA/2976,Bone,LEM,01/02/2002,LEM,01/02/2002,,
RO/LA/395,LA,395,C/LA/2976,Hair,LEM,01/02/2002,jhm,13/11/2002,,
RO/LA/396,LA,396,C/LA/2976,Blood (animal),LEM,01/02/2002,LEM,01/02/2002,,
RO/LA/397,LA,397,C/LA/2977,Wax/clay images,LEM,01/02/2002,LEM,01/02/2002,,
RO/LA/398,LA,398,C/LA/2977,Bone,LEM,01/02/2002,LEM,01/02/2002,,
RO/LA/399,LA,399,C/LA/2977,Hair,LEM,01/02/2002,jhm,13/11/2002,,
RO/LA/4,LA,4,C/EGD/160,Lee Penny,LEM,17/05/2001,LEM,17/05/2001,,
RO/LA/40,LA,40,C/EGD/409,Oil,LEM,05/07/2001,LEM,05/07/2001,,
RO/LA/400,LA,400,C/LA/2977,Blood (animal),LEM,01/02/2002,LEM,01/02/2002,,
RO/LA/401,LA,401,C/LA/2978,Bone,LEM,01/02/2002,LEM,01/02/2002,,
RO/LA/402,LA,402,C/LA/2978,Hair,LEM,01/02/2002,jhm,13/11/2002,,
RO/LA/403,LA,403,C/LA/2978,Blood (animal),LEM,01/02/2002,LEM,01/02/2002,,
RO/LA/404,LA,404,C/LA/2978,Wax/clay images,LEM,01/02/2002,LEM,01/02/2002,,
RO/LA/405,LA,405,C/LA/2979,Wax/clay images,LEM,01/02/2002,LEM,01/02/2002,,
RO/LA/406,LA,406,C/LA/2979,Bone,LEM,01/02/2002,LEM,01/02/2002,,
RO/LA/407,LA,407,C/LA/2979,Blood (animal),LEM,01/02/2002,LEM,01/02/2002,,
RO/LA/408,LA,408,C/LA/2979,Hair,LEM,01/02/2002,jhm,13/11/2002,,
RO/LA/409,LA,409,C/LA/2980,Wax/clay images,LEM,01/02/2002,LEM,01/02/2002,,
RO/LA/41,LA,41,C/EGD/409,Egg,LEM,05/07/2001,LEM,05/07/2001,,
RO/LA/410,LA,410,C/LA/2980,Bone,LEM,01/02/2002,LEM,01/02/2002,,
RO/LA/411,LA,411,C/LA/2980,Blood (animal),LEM,01/02/2002,LEM,01/02/2002,,
RO/LA/412,LA,412,C/LA/2980,Hair,LEM,01/02/2002,jhm,13/11/2002,,
RO/LA/413,LA,413,C/EGD/1935,Wax/clay images,LEM,01/02/2002,LEM,01/02/2002,,
RO/LA/414,LA,414,C/EGD/1935,Bone,LEM,01/02/2002,LEM,01/02/2002,,
RO/LA/415,LA,415,C/EGD/1935,Hair,LEM,01/02/2002,jhm,13/11/2002,,
RO/LA/416,LA,416,C/EGD/1935,Blood (animal),LEM,01/02/2002,LEM,01/02/2002,,
RO/LA/417,LA,417,C/EGD/726,Wax/clay images,LEM,18/02/2002,LEM,18/02/2002,,
RO/LA/418,LA,418,C/EGD/743,Leather Strap,LEM,18/02/2002,LEM,18/02/2002,,
RO/LA/419,LA,419,C/EGD/743,Wax/clay images,LEM,18/02/2002,LEM,18/02/2002,,
RO/LA/42,LA,42,C/EGD/409,Garlic,LEM,05/07/2001,LEM,05/07/2001,,
RO/LA/420,LA,420,C/EGD/745,Hair,LEM,18/02/2002,jhm,13/11/2002,,
RO/LA/421,LA,421,C/EGD/745,Belt,LEM,18/02/2002,LEM,18/02/2002,,
RO/LA/422,LA,422,C/EGD/748,Frog,LEM,18/02/2002,LEM,18/02/2002,,
RO/LA/423,LA,423,C/EGD/748,Water,LEM,18/02/2002,LEM,18/02/2002,,
RO/LA/424,LA,424,C/EGD/746,Frog,LEM,18/02/2002,LEM,18/02/2002,,
RO/LA/425,LA,425,C/EGD/747,Frog,LEM,18/02/2002,jhm,13/11/2002,,
RO/LA/43,LA,43,C/EGD/409,Aqua Vitae,LEM,05/07/2001,LEM,05/07/2001,,
RO/LA/44,LA,44,C/EGD/385,Salt,LEM,16/07/2001,LEM,16/07/2001,,
RO/LA/440,LA,440,C/EGD/166,Cloth,LEM,17/04/2002,LEM,17/04/2002,,
RO/LA/441,LA,441,C/EGD/166,Water,LEM,17/04/2002,LEM,17/04/2002,,
RO/LA/443,LA,443,C/EGD/1094,Shirt,LEM,02/05/2002,LEM,02/05/2002,,
RO/LA/444,LA,444,C/EGD/1094,Bannock,LEM,02/05/2002,LEM,02/05/2002,,
RO/LA/445,LA,445,C/EGD/1094,Powder,LEM,02/05/2002,LEM,02/05/2002,,
RO/LA/446,LA,446,C/EGD/1094,Amulet,LEM,02/05/2002,LEM,02/05/2002,,
RO/LA/447,LA,447,C/EGD/1094,Nail,LEM,02/05/2002,LEM,02/05/2002,,
RO/LA/448,LA,448,C/EGD/1094,Water,LEM,02/05/2002,LEM,02/05/2002,,
RO/LA/449,LA,449,C/EGD/1094,Stones,LEM,02/05/2002,LEM,02/05/2002,,
RO/LA/450,LA,450,C/EGD/162,Fire,LEM,06/05/2002,LEM,06/05/2002,,
RO/LA/451,LA,451,C/EGD/166,Bird (dead),LEM,07/05/2002,LEM,07/05/2002,,
RO/LA/452,LA,452,C/LA/2949,Flesh,LEM,09/05/2002,LEM,09/05/2002,,
RO/LA/5,LA,5,C/EGD/160,Flask of Water,LEM,17/05/2001,LEM,17/05/2001,,
RO/LA/501,LA,501,C/EGD/964,Meal,LEM,17/06/2002,LEM,17/06/2002,,
RO/LA/502,LA,502,C/EGD/1284,Bone,LEM,17/06/2002,LEM,17/06/2002,,
RO/LA/503,LA,503,C/EGD/2264,Bannock,LEM,19/06/2002,LEM,19/06/2002,,
RO/LA/504,LA,504,C/EGD/2264,Water,LEM,19/06/2002,LEM,19/06/2002,,
RO/LA/505,LA,505,C/EGD/2264,Thread,LEM,19/06/2002,jhm,13/11/2002,,
RO/LA/506,LA,506,C/EGD/2212,Egg,LEM,19/06/2002,LEM,19/06/2002,,
RO/LA/507,LA,507,C/EGD/2212,Herb,LEM,19/06/2002,LEM,19/06/2002,,
RO/LA/508,LA,508,C/EGD/2220,Sea Nut,LEM,19/06/2002,LEM,19/06/2002,,
RO/LA/509,LA,509,C/EGD/2220,Hook,LEM,19/06/2002,LEM,19/06/2002,,
RO/LA/510,LA,510,C/EGD/2219,Thread,LEM,19/06/2002,jhm,13/11/2002,,
RO/LA/511,LA,511,C/LA/3054,Thread,LEM,19/06/2002,jhm,13/11/2002,,
RO/LA/512,LA,512,C/EGD/2245,Blood (animal),LEM,19/06/2002,LEM,19/06/2002,,
RO/LA/513,LA,513,C/EGD/2210,Thread,LEM,19/06/2002,jhm,13/11/2002,,
RO/LA/514,LA,514,C/EGD/2210,Stones,LEM,19/06/2002,LEM,19/06/2002,,
RO/LA/515,LA,515,C/EGD/2210,Earth,LEM,19/06/2002,LEM,19/06/2002,,
RO/LA/516,LA,516,C/EGD/2234,Water,LEM,19/06/2002,LEM,19/06/2002,,
RO/LA/517,LA,517,C/EGD/2234,Knife,LEM,19/06/2002,LEM,19/06/2002,,
RO/LA/518,LA,518,C/EGD/2234,Corn,LEM,19/06/2002,LEM,19/06/2002,,
RO/LA/519,LA,519,C/EGD/2257,Coin,LEM,19/06/2002,LEM,19/06/2002,,
RO/LA/520,LA,520,C/EGD/2215,Ash,LEM,19/06/2002,LEM,19/06/2002,,
RO/LA/521,LA,521,C/EGD/2215,Cloth,LEM,19/06/2002,LEM,19/06/2002,,
RO/LA/522,LA,522,C/EGD/2255,Cloth,LEM,19/06/2002,LEM,19/06/2002,,
RO/LA/523,LA,523,C/EGD/2255,Hair,LEM,19/06/2002,jhm,13/11/2002,,
RO/LA/524,LA,524,C/EGD/2255,Salt water,LEM,19/06/2002,LEM,19/06/2002,,
RO/LA/525,LA,525,C/EGD/2263,Water,LEM,19/06/2002,LEM,19/06/2002,,
RO/LA/526,LA,526,C/EGD/2263,Stones,LEM,19/06/2002,LEM,19/06/2002,,
RO/LA/527,LA,527,C/EGD/2256,Stones,LEM,20/06/2002,LEM,20/06/2002,,
RO/LA/528,LA,528,C/EGD/2256,Water,LEM,20/06/2002,LEM,20/06/2002,,
RO/LA/529,LA,529,C/EGD/2256,Lead,LEM,20/06/2002,jhm,13/11/2002,,
RO/LA/530,LA,530,C/EGD/2256,Wax,LEM,20/06/2002,jhm,13/11/2002,,
RO/LA/531,LA,531,C/EGD/2256,Herb,LEM,20/06/2002,LEM,20/06/2002,,
RO/LA/532,LA,532,C/EGD/2256,Oil,LEM,20/06/2002,LEM,20/06/2002,,
RO/LA/533,LA,533,C/EGD/2256,Aqua Vitae,LEM,20/06/2002,LEM,20/06/2002,,
RO/LA/534,LA,534,C/LA/3054,Salt,LEM,20/06/2002,LEM,20/06/2002,,
RO/LA/535,LA,535,C/LA/3054,Cloth,LEM,20/06/2002,LEM,20/06/2002,,
RO/LA/536,LA,536,C/LA/3054,Herb,LEM,20/06/2002,LEM,20/06/2002,,
RO/LA/559,LA,559,C/EGD/699,Wax/clay images,LEM,09/07/2002,LEM,09/07/2002,,
RO/LA/560,LA,560,C/LA/3102,Clay,LEM,10/07/2002,jhm,13/11/2002,,
RO/LA/561,LA,561,C/LA/3102,Thread,LEM,10/07/2002,jhm,13/11/2002,,
RO/LA/562,LA,562,C/LA/3102,Snail,LEM,10/07/2002,LEM,10/07/2002,,
RO/LA/563,LA,563,C/LA/3102,Watercress,LEM,10/07/2002,LEM,10/07/2002,,
RO/LA/564,LA,564,C/EGD/129,Cloth,LEM,10/07/2002,jhm,03/10/2002,,
RO/LA/565,LA,565,C/EGD/129,Iron,LEM,10/07/2002,LEM,10/07/2002,,
RO/LA/566,LA,566,C/EGD/129,Herb,LEM,10/07/2002,LEM,10/07/2002,,
RO/LA/567,LA,567,C/EGD/129,Water,LEM,10/07/2002,LEM,10/07/2002,,
RO/LA/568,LA,568,C/EGD/217,Rowan tree,LEM,10/07/2002,LEM,10/07/2002,,
RO/LA/569,LA,569,C/EGD/217,Cat,LEM,10/07/2002,LEM,10/07/2002,,
RO/LA/570,LA,570,C/EGD/212,Belt,LEM,10/07/2002,LEM,10/07/2002,,
RO/LA/571,LA,571,C/EGD/1605,Herb,LEM,12/07/2002,LEM,12/07/2002,,
RO/LA/572,LA,572,C/EGD/1605,Water,LEM,12/07/2002,LEM,12/07/2002,,
RO/LA/573,LA,573,C/EGD/1605,Flesh,LEM,12/07/2002,LEM,12/07/2002,,
RO/LA/574,LA,574,C/EGD/785,Fire,LEM,15/07/2002,LEM,15/07/2002,,
RO/LA/575,LA,575,C/EGD/785,Smoke,LEM,15/07/2002,LEM,15/07/2002,,
RO/LA/576,LA,576,C/EGD/785,Belt,LEM,15/07/2002,LEM,15/07/2002,,
RO/LA/577,LA,577,C/LA/3130,Cloth,LEM,15/07/2002,LEM,15/07/2002,,
RO/LA/578,LA,578,C/LA/3130,Powder,LEM,15/07/2002,LEM,15/07/2002,,
RO/LA/579,LA,579,C/EGD/317,Water,LEM,18/07/2002,LEM,18/07/2002,,
RO/LA/580,LA,580,C/EGD/317,Belt,LEM,18/07/2002,LEM,18/07/2002,,
RO/LA/581,LA,581,C/EGD/317,Thread,LEM,18/07/2002,jhm,13/11/2002,,
RO/LA/582,LA,582,C/EGD/316,Water,LEM,18/07/2002,LEM,18/07/2002,,
RO/LA/583,LA,583,C/EGD/316,Meal,LEM,18/07/2002,LEM,18/07/2002,,
RO/LA/584,LA,584,C/EGD/316,Straw,LEM,18/07/2002,LEM,18/07/2002,,
RO/LA/585,LA,585,C/EGD/316,Horseshoe,LEM,18/07/2002,LEM,18/07/2002,,
RO/LA/586,LA,586,C/EGD/316,Hook,LEM,18/07/2002,LEM,18/07/2002,,
RO/LA/587,LA,587,C/EGD/316,Flesh,LEM,18/07/2002,LEM,18/07/2002,,
RO/LA/588,LA,588,C/EGD/292,Flesh,LEM,18/07/2002,LEM,18/07/2002,,
RO/LA/589,LA,589,C/EGD/292,Cloth,LEM,18/07/2002,LEM,18/07/2002,,
RO/LA/590,LA,590,C/EGD/791,Thread,LEM,19/07/2002,jhm,13/11/2002,,
RO/LA/591,LA,591,C/EGD/791,Cloth,LEM,19/07/2002,LEM,19/07/2002,,
RO/LA/592,LA,592,C/EGD/789,Salt,LEM,19/07/2002,LEM,19/07/2002,,
RO/LA/593,LA,593,C/EGD/789,Herb,LEM,19/07/2002,LEM,19/07/2002,,
RO/LA/594,LA,594,C/LA/3135,Straw,LEM,19/07/2002,LEM,19/07/2002,,
RO/LA/595,LA,595,C/EGD/796,Straw,LEM,19/07/2002,LEM,19/07/2002,,
RO/LA/596,LA,596,C/EGD/785,Straw,LEM,19/07/2002,LEM,19/07/2002,,
RO/LA/597,LA,597,C/EGD/798,Stones,LEM,23/07/2002,LEM,23/07/2002,,
RO/LA/598,LA,598,C/EGD/33,Thread,LEM,24/07/2002,jhm,13/11/2002,,
RO/LA/599,LA,599,C/EGD/33,Shears,LEM,24/07/2002,LEM,24/07/2002,,
RO/LA/6,LA,6,C/EGD/162,Nettle,LEM,18/05/2001,LEM,18/05/2001,,
RO/LA/600,LA,600,C/EGD/28,Shirt,LEM,24/07/2002,LEM,24/07/2002,,
RO/LA/601,LA,601,C/EGD/28,Herb,LEM,24/07/2002,LEM,24/07/2002,,
RO/LA/602,LA,602,C/EGD/28,Water,LEM,24/07/2002,LEM,24/07/2002,,
RO/LA/603,LA,603,C/EGD/124,Wax/clay images,LEM,24/07/2002,LEM,24/07/2002,,
RO/LA/604,LA,604,C/EGD/124,Flesh,LEM,24/07/2002,LEM,24/07/2002,,
RO/LA/605,LA,605,C/EGD/124,Snake skin,LEM,24/07/2002,LEM,24/07/2002,,
RO/LA/606,LA,606,C/EGD/53,Water,LEM,24/07/2002,LEM,24/07/2002,,
RO/LA/607,LA,607,C/EGD/53,Wax/clay images,LEM,24/07/2002,LEM,24/07/2002,,
RO/LA/608,LA,608,C/EGD/57,Herb,LEM,24/07/2002,LEM,24/07/2002,,
RO/LA/609,LA,609,C/EGD/120,Wax,LEM,26/07/2002,jhm,13/11/2002,,
RO/LA/610,LA,610,C/EGD/63,Egg,LEM,26/07/2002,LEM,26/07/2002,,
RO/LA/611,LA,611,C/EGD/63,Vinegar,LEM,26/07/2002,LEM,11/11/2002,,
RO/LA/612,LA,612,C/EGD/63,Wine,LEM,26/07/2002,LEM,26/07/2002,,
RO/LA/613,LA,613,C/EGD/63,Aqua Vitae,LEM,26/07/2002,LEM,26/07/2002,,
RO/LA/614,LA,614,C/LA/3142,Wax,LEM,26/07/2002,jhm,13/11/2002,,
RO/LA/615,LA,615,C/EGD/142,Egg,LEM,26/07/2002,LEM,26/07/2002,,
RO/LA/616,LA,616,C/EGD/142,Almond,LEM,26/07/2002,LEM,26/07/2002,,
RO/LA/617,LA,617,C/EGD/323,Herb,LEM,30/07/2002,LEM,30/07/2002,,
RO/LA/618,LA,618,C/EGD/323,Water,LEM,30/07/2002,LEM,30/07/2002,,
RO/LA/619,LA,619,C/EGD/1474,Flesh,LEM,20/08/2002,LEM,20/08/2002,,
RO/LA/620,LA,620,C/EGD/1474,Wax/clay images,LEM,20/08/2002,LEM,20/08/2002,,
RO/LA/621,LA,621,C/EGD/1558,Corpse,LEM,22/08/2002,LEM,22/08/2002,,
RO/LA/622,LA,622,C/EGD/1558,Nail trimmings,LEM,22/08/2002,LEM,22/08/2002,,
RO/LA/623,LA,623,C/EGD/1558,Grain,LEM,22/08/2002,LEM,22/08/2002,,
RO/LA/624,LA,624,C/EGD/1558,Herb,LEM,22/08/2002,LEM,22/08/2002,,
RO/LA/625,LA,625,C/EGD/1558,Wax/clay images,LEM,22/08/2002,LEM,22/08/2002,,
RO/LA/626,LA,626,C/EGD/1558,Thread,LEM,22/08/2002,jhm,13/11/2002,,
RO/LA/628,LA,628,C/EGD/1558,Water,LEM,22/08/2002,LEM,22/08/2002,,
RO/LA/629,LA,629,C/EGD/1558,Beetle,LEM,22/08/2002,LEM,22/08/2002,,
RO/LA/630,LA,630,C/EGD/1558,Toad,LEM,22/08/2002,LEM,22/08/2002,,
RO/LA/631,LA,631,C/EGD/1558,Flesh,LEM,22/08/2002,LEM,22/08/2002,,
RO/LA/633,LA,633,C/EGD/1558,Liver,LEM,22/08/2002,LEM,22/08/2002,,
RO/LA/634,LA,634,C/EGD/1558,Cloth,LEM,22/08/2002,LEM,22/08/2002,,
RO/LA/635,LA,635,C/EGD/597,Herb,LEM,28/08/2002,LEM,28/08/2002,,
RO/LA/636,LA,636,C/LA/3277,Herb,LEM,28/08/2002,LEM,28/08/2002,,
RO/LA/637,LA,637,C/LA/3278,Herb,LEM,28/08/2002,LEM,28/08/2002,,
RO/LA/645,LA,645,C/EGD/1998,Sieve,LEM,17/09/2002,LEM,17/09/2002,,
RO/LA/657,LA,657,C/LA/2638,Caird,LEM,29/10/2002,LEM,29/10/2002,,
RO/LA/680,LA,680,C/EGD/791,Toad,LEM,05/11/2002,LEM,05/11/2002,,
RO/LA/681,LA,681,C/EGD/597,Hair,LEM,06/11/2002,jhm,13/11/2002,,
RO/LA/682,LA,682,C/EGD/597,Nail trimmings,LEM,06/11/2002,LEM,06/11/2002,,
RO/LA/683,LA,683,C/EGD/597,Shirt,LEM,06/11/2002,LEM,06/11/2002,,
RO/LA/684,LA,684,C/EGD/597,Fire,LEM,06/11/2002,LEM,06/11/2002,,
RO/LA/685,LA,685,C/EGD/597,Yarn,LEM,06/11/2002,LEM,06/11/2002,,
RO/LA/686,LA,686,C/EGD/1224,Bird (dead),LEM,18/11/2002,LEM,18/11/2002,,
RO/LA/687,LA,687,C/EGD/1224,Hand (dead),LEM,18/11/2002,LEM,18/11/2002,,
RO/LA/688,LA,688,C/EGD/1224,Wax/clay images,LEM,18/11/2002,LEM,18/11/2002,,
RO/LA/689,LA,689,C/EGD/1225,Shirt,LEM,18/11/2002,LEM,18/11/2002,,
RO/LA/690,LA,690,C/EGD/1225,Bird (dead),LEM,18/11/2002,LEM,18/11/2002,,
RO/LA/691,LA,691,C/EGD/1225,Hand (dead),LEM,18/11/2002,LEM,18/11/2002,,
RO/LA/692,LA,692,C/EGD/1225,Shoes,LEM,18/11/2002,LEM,18/11/2002,,
RO/LA/693,LA,693,C/EGD/170,Wheat,LEM,18/11/2002,LEM,18/11/2002,,
RO/LA/7,LA,7,C/EGD/162,Urine,LEM,18/05/2001,jhm,18/10/2002,,
RO/LA/70,LA,70,C/EGD/576,Cloth,LEM,05/09/2001,LEM,05/09/2001,,
RO/LA/71,LA,71,C/EGD/576,Herb,LEM,05/09/2001,LEM,05/09/2001,,
RO/LA/72,LA,72,C/LA/2876,Stones,LEM,06/09/2001,LEM,06/09/2001,,
RO/LA/73,LA,73,C/EGD/1244,Stones,LEM,06/09/2001,LEM,06/09/2001,,
RO/LA/74,LA,74,C/EGD/1245,Stones,LEM,06/09/2001,LEM,06/09/2001,,
RO/LA/75,LA,75,C/EGD/1246,Stones,LEM,06/09/2001,LEM,06/09/2001,,
RO/LA/76,LA,76,C/EGD/1247,Stones,LEM,06/09/2001,LEM,06/09/2001,,
RO/LA/77,LA,77,C/EGD/1248,Stones,LEM,06/09/2001,LEM,06/09/2001,,
RO/LA/78,LA,78,C/EGD/1249,Stones,LEM,06/09/2001,LEM,06/09/2001,,
RO/LA/79,LA,79,C/EGD/1250,Stones,LEM,06/09/2001,LEM,06/09/2001,,
RO/LA/8,LA,8,C/EGD/166,Cat,LEM,21/05/2001,LEM,21/05/2001,,
RO/LA/80,LA,80,C/EGD/1251,Stones,LEM,06/09/2001,LEM,06/09/2001,,
RO/LA/81,LA,81,C/EGD/1252,Stones,LEM,06/09/2001,LEM,06/09/2001,,
RO/LA/82,LA,82,C/EGD/1242,Stones,LEM,06/09/2001,LEM,06/09/2001,,
RO/LA/83,LA,83,C/EGD/1243,Stones,LEM,06/09/2001,LEM,06/09/2001,,
RO/LA/84,LA,84,C/EGD/34,Herb,LEM,25/09/2001,LEM,25/09/2001,,
RO/LA/85,LA,85,C/EGD/136,Garland,LEM,25/09/2001,LEM,25/09/2001,,
RO/LA/86,LA,86,C/EGD/137,Salt,LEM,25/09/2001,LEM,25/09/2001,,
RO/LA/87,LA,87,C/EGD/137,Thread,LEM,25/09/2001,jhm,13/11/2002,,
RO/LA/88,LA,88,C/EGD/140,Hairbelt,LEM,25/09/2001,LEM,25/09/2001,,
RO/LA/89,LA,89,C/EGD/140,Corpse,LEM,25/09/2001,LEM,25/09/2001,,
RO/LA/9,LA,9,C/EGD/166,Camomile,LEM,21/05/2001,LEM,21/05/2001,,
RO/LA/94,LA,94,C/EGD/147,Cat,LEM,26/09/2001,LEM,26/09/2001,,
